Samples,timestamp,Roll,Pitch,Yow,X,Y,Z,RSSI,Distance
1,49:46.3,-0.04,0.03,0.01,0.44,-0.23,10.91,-49,4.344782731
2,49:47.0,-0.04,0.03,0.01,0.45,-0.23,10.91,-49,4.344782731
3,49:46.1,-0.04,0.03,0.01,0.45,-0.23,10.92,-49,4.344782731
4,49:46.2,-0.04,0.03,0.01,0.45,-0.23,10.92,-49,4.344782731
5,49:46.2,-0.04,0.03,0.01,0.45,-0.24,10.93,-49,4.344782731
6,49:46.3,-0.04,0.03,0.01,0.45,-0.23,10.92,-49,4.344782731
7,49:46.4,-0.04,0.03,0.01,0.45,-0.23,10.92,-49,4.344782731
8,49:46.4,-0.04,0.03,0.01,0.45,-0.23,10.93,-49,4.344782731
9,49:46.5,-0.04,0.03,0.01,0.46,-0.23,10.92,-49,4.344782731
10,49:46.5,-0.04,0.03,0.01,0.45,-0.23,10.9,-49,4.344782731
11,49:46.6,-0.04,0.03,0.01,0.44,-0.23,10.91,-49,4.344782731
12,49:46.6,-0.04,0.03,0.01,0.44,-0.23,10.92,-49,4.344782731
13,49:46.7,-0.04,0.03,0.01,0.46,-0.23,10.93,-49,4.344782731
14,49:46.8,-0.04,0.03,0.01,0.45,-0.24,10.93,-49,4.344782731
15,49:46.8,-0.04,0.03,0.01,0.45,-0.23,10.93,-49,4.344782731
16,49:46.9,-0.04,0.03,0.01,0.44,-0.22,10.91,-49,4.344782731
17,49:46.9,-0.04,0.03,0.01,0.44,-0.24,10.91,-49,4.344782731
18,49:47.0,-0.04,0.03,0.01,0.45,-0.24,10.9,-49,4.344782731
19,49:47.5,-0.04,0.03,0.01,0.45,-0.24,10.91,-49,4.344782731
20,49:47.1,-0.04,0.03,0.01,0.46,-0.23,10.92,-49,4.344782731
21,49:47.2,-0.04,0.03,0.01,0.45,-0.23,10.91,-49,4.344782731
22,49:47.2,-0.04,0.03,0.01,0.45,-0.23,10.91,-49,4.344782731
23,49:47.3,-0.04,0.03,0.02,0.45,-0.23,10.91,-49,4.344782731
24,49:47.4,-0.04,0.03,0.01,0.46,-0.23,10.91,-49,4.344782731
25,49:47.4,-0.04,0.03,0.01,0.45,-0.24,10.91,-49,4.344782731
26,49:47.5,-0.04,0.03,0.01,0.45,-0.23,10.93,-49,4.344782731
27,49:47.5,-0.04,0.03,0.01,0.44,-0.24,10.92,-49,4.344782731
28,49:47.6,-0.04,0.03,0.01,0.45,-0.24,10.92,-49,4.344782731
29,49:47.7,-0.04,0.03,0.01,0.46,-0.24,10.92,-49,4.344782731
30,49:47.7,-0.04,0.03,0.01,0.45,-0.22,10.92,-49,4.344782731
31,49:47.8,-0.04,0.03,0.01,0.45,-0.24,10.91,-49,4.344782731
32,49:47.8,-0.04,0.03,0.01,0.44,-0.23,10.93,-49,4.344782731
33,49:47.9,-0.04,0.03,0.01,0.45,-0.22,10.93,-49,4.344782731
34,49:48.0,-0.04,0.03,0.01,0.45,-0.23,10.92,-49,4.344782731
35,49:48.2,-0.04,0.03,0.01,0.45,-0.24,10.92,-49,4.344782731
36,49:48.8,-0.04,0.03,0.01,0.46,-0.24,10.91,-49,4.344782731
37,49:48.1,-0.04,0.03,0.01,0.46,-0.24,10.91,-49,4.344782731
38,49:48.2,-0.04,0.03,0.01,0.45,-0.23,10.92,-49,4.344782731
39,49:48.2,-0.04,0.03,0.01,0.45,-0.23,10.92,-49,4.344782731
40,49:48.3,-0.04,0.03,0.01,0.44,-0.23,10.92,-49,4.344782731
41,49:48.4,-0.04,0.03,0.01,0.45,-0.23,10.92,-49,4.344782731
42,49:48.4,-0.04,0.03,0.01,0.45,-0.24,10.92,-49,4.344782731
43,49:48.5,-0.04,0.03,0.01,0.45,-0.23,10.91,-49,4.344782731
44,49:48.6,-0.04,0.03,0.01,0.46,-0.23,10.92,-49,4.344782731
45,49:48.6,-0.04,0.03,0.01,0.45,-0.24,10.93,-49,4.344782731
46,49:48.7,-0.04,0.03,0.01,0.45,-0.23,10.91,-49,4.344782731
47,49:48.7,-0.04,0.03,0.01,0.47,-0.22,10.92,-49,4.344782731
48,49:48.8,-0.04,0.03,0.01,0.47,-0.23,10.92,-49,4.344782731
49,49:48.9,-0.04,0.03,0.01,0.45,-0.23,10.93,-49,4.344782731
50,49:48.9,-0.04,0.03,0.01,0.46,-0.23,10.92,-48,4.132885177
51,49:49.0,-0.04,0.03,0.01,0.45,-0.24,10.92,-48,4.132885177
52,49:49.5,-0.04,0.03,0.01,0.45,-0.24,10.91,-48,4.132885177
53,49:49.1,-0.04,0.03,0.01,0.44,-0.23,10.91,-48,4.132885177
54,49:49.2,-0.04,0.03,0.01,0.45,-0.23,10.91,-48,4.132885177
55,49:49.2,-0.04,0.03,0.02,0.46,-0.22,10.91,-48,4.132885177
56,49:49.3,-0.04,0.03,0.01,0.43,-0.23,10.92,-48,4.132885177
57,49:49.4,-0.04,0.03,0.01,0.44,-0.23,10.91,-48,4.132885177
58,49:49.4,-0.04,0.03,0.01,0.46,-0.23,10.92,-48,4.132885177
59,49:49.5,-0.04,0.03,0.02,0.45,-0.23,10.91,-48,4.132885177
60,49:49.6,-0.04,0.03,0.01,0.46,-0.23,10.92,-48,4.132885177
61,49:49.6,-0.04,0.03,0.01,0.45,-0.24,10.92,-48,4.132885177
62,49:49.7,-0.04,0.03,0.01,0.45,-0.23,10.92,-48,4.132885177
63,49:49.7,-0.04,0.03,0.01,0.45,-0.24,10.93,-48,4.132885177
64,49:49.8,-0.04,0.03,0.02,0.45,-0.23,10.93,-48,4.132885177
65,49:49.8,-0.04,0.03,0.01,0.46,-0.23,10.91,-48,4.132885177
66,49:49.9,-0.04,0.03,0.01,0.45,-0.24,10.91,-48,4.132885177
67,49:50.0,-0.04,0.03,0.01,0.44,-0.24,10.91,-48,4.132885177
68,49:50.3,-0.04,0.03,0.01,0.45,-0.23,10.91,-48,4.132885177
69,49:51.0,-0.04,0.03,0.01,0.44,-0.24,10.91,-48,4.132885177
70,49:50.2,-0.04,0.03,0.01,0.45,-0.23,10.92,-48,4.132885177
71,49:50.2,-0.04,0.03,0.01,0.44,-0.23,10.92,-48,4.132885177
72,49:50.3,-0.04,0.03,0.01,0.45,-0.22,10.93,-48,4.132885177
73,49:50.3,-0.04,0.03,0.01,0.45,-0.23,10.91,-48,4.132885177
74,49:50.4,-0.04,0.03,0.01,0.44,-0.23,10.91,-48,4.132885177
75,49:50.5,-0.04,0.03,0.01,0.45,-0.23,10.91,-49,4.344782731
76,49:50.5,-0.04,0.03,0.01,0.45,-0.24,10.92,-49,4.344782731
77,49:50.6,-0.04,0.03,0.01,0.45,-0.23,10.92,-49,4.344782731
78,49:50.6,-0.04,0.03,0.01,0.45,-0.23,10.91,-49,4.344782731
79,49:50.7,-0.04,0.03,0.01,0.45,-0.23,10.92,-49,4.344782731
80,49:50.8,-0.04,0.03,0.01,0.45,-0.24,10.91,-49,4.344782731
81,49:50.8,-0.04,0.03,0.01,0.45,-0.24,10.91,-49,4.344782731
82,49:50.9,-0.04,0.03,0.01,0.45,-0.24,10.91,-49,4.344782731
83,49:50.9,-0.04,0.03,0.01,0.45,-0.23,10.93,-49,4.344782731
84,49:51.0,-0.04,0.03,0.01,0.45,-0.22,10.92,-49,4.344782731
85,49:51.5,-0.04,0.03,0.01,0.44,-0.23,10.91,-49,4.344782731
86,49:51.1,-0.04,0.03,0.01,0.45,-0.23,10.92,-49,4.344782731
87,49:51.2,-0.04,0.03,0.01,0.45,-0.23,10.93,-49,4.344782731
88,49:51.2,-0.04,0.03,0.01,0.45,-0.24,10.91,-49,4.344782731
89,49:51.3,-0.04,0.03,0.01,0.44,-0.24,10.91,-49,4.344782731
90,49:51.3,-0.04,0.03,0.01,0.45,-0.23,10.91,-49,4.344782731
91,49:51.4,-0.04,0.03,0.01,0.46,-0.24,10.91,-49,4.344782731
92,49:51.5,-0.04,0.03,0.01,0.46,-0.24,10.91,-49,4.344782731
93,49:51.5,-0.04,0.03,0.01,0.45,-0.24,10.92,-49,4.344782731
94,49:51.6,-0.04,0.03,0.01,0.44,-0.23,10.91,-49,4.344782731
95,49:51.6,-0.04,0.03,0.01,0.45,-0.23,10.91,-49,4.344782731
96,49:51.7,-0.04,0.03,0.01,0.45,-0.23,10.9,-49,4.344782731
97,49:51.8,-0.04,0.03,0.01,0.45,-0.23,10.92,-49,4.344782731
98,49:51.8,-0.04,0.03,0.01,0.46,-0.23,10.94,-49,4.344782731
99,49:51.9,-0.04,0.03,0.01,0.45,-0.22,10.93,-49,4.344782731
100,49:52.0,-0.04,0.03,0.01,0.45,-0.23,10.92,-49,4.344782731
101,49:52.1,-0.04,0.03,0.01,0.44,-0.23,10.91,-49,4.344782731
102,49:52.7,-0.04,0.03,0.01,0.44,-0.24,10.91,-49,4.344782731
103,49:52.1,-0.04,0.03,0.01,0.44,-0.23,10.93,-49,4.344782731
104,49:52.2,-0.04,0.03,0.01,0.45,-0.24,10.91,-49,4.344782731
105,49:52.3,-0.04,0.03,0.01,0.45,-0.24,10.91,-49,4.344782731
106,49:52.3,-0.04,0.03,0.01,0.45,-0.23,10.92,-49,4.344782731
107,49:52.4,-0.04,0.03,0.01,0.46,-0.24,10.91,-49,4.344782731
108,49:52.4,-0.04,0.03,0.01,0.46,-0.23,10.91,-49,4.344782731
109,49:52.5,-0.04,0.03,0.01,0.45,-0.23,10.9,-49,4.344782731
110,49:52.5,-0.03,0.03,0.01,0.51,1.48,12.35,-49,4.344782731
111,49:52.6,-0.08,0.1,0.1,0.21,5.17,12.32,-49,4.344782731
112,49:52.7,0.01,0.05,0.07,0.78,4.78,11.17,-49,4.344782731
113,49:52.7,-0.09,0.13,0.01,0.67,3.74,10.96,-49,4.344782731
114,49:52.8,-0.53,0.02,-0.07,0.29,-3.25,11.2,-49,4.344782731
115,49:52.9,-0.19,0.03,0.03,0.4,-5.38,11.26,-49,4.344782731
116,49:52.9,-0.09,-0.02,0.06,0.51,-5.51,11.52,-50,4.567544505
117,49:53.0,0.1,0.01,0,0.49,-3.44,10.88,-50,4.567544505
118,49:53.0,0.06,0.05,-0.01,0.38,-1.98,10.9,-51,4.801727519
119,49:53.4,0.01,0.05,0.02,0.59,-1.92,10.83,-51,4.801727519
120,49:53.9,-0.01,0.04,0,0.47,-1.42,10.84,-51,4.801727519
121,49:53.1,-0.07,0.04,0.02,0.46,-1.84,11.09,-51,4.801727519
122,49:53.2,0,0.03,0.04,0.55,-0.23,10.94,-51,4.801727519
123,49:53.2,-0.03,0.04,0.02,0.49,0.12,10.9,-51,4.801727519
124,49:53.3,-0.04,0.03,0,0.45,1.18,12.59,-51,4.801727519
125,49:53.3,0.07,-0.02,0.06,0.88,3.98,9.38,-51,4.801727519
126,49:53.4,0.14,0.09,0,0.57,5.72,10.2,-51,4.801727519
127,49:53.4,-0.23,0.1,-0.05,0.77,4.36,11.36,-51,4.801727519
128,49:53.4,-0.37,0.03,-0.02,0.17,-3.03,10.99,-51,4.801727519
129,49:53.5,-0.23,-0.02,0.09,0.47,-4.77,11.22,-50,4.567544505
130,49:53.6,0.02,0.01,-0.03,0.45,-2.2,10.14,-50,4.567544505
131,49:53.6,0,0.02,0.01,0.43,-1.58,10.78,-50,4.567544505
132,49:53.7,-0.05,0.03,0.03,0.59,-1.8,10.83,-50,4.567544505
133,49:53.7,0.03,0.03,0.05,0.54,-0.57,10.86,-50,4.567544505
134,49:53.8,0.07,-0.03,0.01,0.83,4.09,9.24,-50,4.567544505
135,49:53.9,-0.01,0,0.05,0.94,4.81,9.23,-50,4.567544505
136,49:53.9,-0.12,0.17,-0.1,0.82,3.79,10.41,-50,4.567544505
137,49:54.0,-0.31,-0.12,0.12,0.28,-3.42,10.85,-50,4.567544505
138,49:54.5,-0.1,0.01,0.2,0.39,-5.26,10.71,-50,4.567544505
139,49:54.1,0.02,0,0.07,0.5,-3.94,10.41,-50,4.567544505
140,49:54.2,0.05,0.05,0,0.4,-1.72,10.82,-50,4.567544505
141,49:54.2,-0.02,0.04,0.04,0.41,-1.68,11.04,-50,4.567544505
142,49:54.3,-0.04,0.03,0.01,0.52,-1.57,10.99,-50,4.567544505
143,49:54.3,-0.02,0.03,0.04,0.41,0.18,10.89,-50,4.567544505
144,49:54.4,-0.04,0.03,0.01,0.42,-0.2,10.93,-50,4.567544505
145,49:54.5,0.06,0.04,0.01,0.01,3.8,12.2,-50,4.567544505
146,49:54.5,-0.14,0.14,-0.18,1.24,4.14,10.62,-50,4.567544505
147,49:54.6,-0.29,0.08,0.04,0.42,-2.68,10.57,-50,4.567544505
148,49:54.6,-0.03,0.06,0.03,0.26,-1.61,10.81,-50,4.567544505
149,49:54.7,-0.05,0.03,0.03,0.4,-1.73,10.98,-50,4.567544505
150,49:54.8,0,0.04,0.05,0.37,-1.9,11.21,-50,4.567544505
151,49:54.8,0.02,0.03,0.04,0.41,0,10.95,-50,4.567544505
152,49:54.9,-0.04,0.03,0.02,0.41,-0.01,10.9,-50,4.567544505
153,49:54.9,-0.04,0.03,0.02,0.4,-0.15,10.95,-50,4.567544505
154,49:55.2,-0.04,0.03,0.01,0.41,-0.14,10.92,-50,4.567544505
155,49:55.8,-0.04,0.03,0.02,0.41,-0.08,10.92,-50,4.567544505
156,49:55.1,-0.04,0.03,0.01,0.42,-0.11,10.92,-50,4.567544505
157,49:55.2,-0.04,0.03,0.01,0.41,-0.11,10.94,-50,4.567544505
158,49:55.2,-0.04,0.03,0.01,0.41,-0.12,10.93,-50,4.567544505
159,49:55.3,-0.04,0.03,0.01,0.42,-0.11,10.92,-50,4.567544505
160,49:55.3,-0.04,0.03,0.01,0.41,-0.11,10.91,-50,4.567544505
161,49:55.4,-0.04,0.03,0.01,0.42,-0.11,10.92,-50,4.567544505
162,49:55.4,-0.04,0.03,0.01,0.42,-0.11,10.92,-50,4.567544505
163,49:55.5,-0.04,0.03,0.01,0.42,-0.1,10.91,-50,4.567544505
164,49:55.5,-0.04,0.03,0.01,0.43,-0.11,10.92,-50,4.567544505
165,49:55.6,-0.04,0.03,0.01,0.44,-0.11,10.91,-50,4.567544505
166,49:55.6,-0.04,0.03,0.01,0.41,-0.11,10.92,-50,4.567544505
167,49:55.7,-0.04,0.03,0.01,0.41,-0.11,10.91,-50,4.567544505
168,49:55.8,-0.04,0.03,0.01,0.42,-0.12,10.91,-50,4.567544505
169,49:55.8,-0.04,0.03,0.01,0.43,-0.11,10.93,-50,4.567544505
170,49:55.9,-0.04,0.03,0.01,0.42,-0.11,10.91,-50,4.567544505
171,49:55.9,-0.04,0.03,0.01,0.41,-0.11,10.91,-50,4.567544505
172,49:56.0,-0.04,0.03,0.01,0.41,-0.11,10.93,-50,4.567544505
173,49:56.4,-0.04,0.03,0.01,0.42,-0.13,10.92,-50,4.567544505
174,49:56.1,-0.04,0.03,0.01,0.41,-0.11,10.91,-50,4.567544505
175,49:56.2,-0.04,0.03,0.01,0.42,-0.11,10.91,-50,4.567544505
176,49:56.2,-0.04,0.03,0.01,0.42,-0.11,10.92,-50,4.567544505
177,49:56.3,-0.04,0.03,0.01,0.41,-0.11,10.92,-50,4.567544505
178,49:56.3,-0.04,0.03,0.01,0.4,-0.11,10.92,-50,4.567544505
179,49:56.4,-0.04,0.03,0.01,0.41,-0.11,10.92,-50,4.567544505
180,49:56.5,-0.04,0.03,0.01,0.41,-0.11,10.93,-50,4.567544505
181,49:56.5,-0.04,0.03,0.01,0.42,-0.11,10.92,-50,4.567544505
182,49:56.6,-0.04,0.03,0.01,0.42,-0.1,10.93,-50,4.567544505
183,49:56.6,-0.04,0.03,0.01,0.42,-0.12,10.92,-50,4.567544505
184,49:56.7,-0.04,0.03,0.01,0.42,-0.1,10.93,-50,4.567544505
185,49:56.8,-0.04,0.03,0.01,0.41,-0.11,10.93,-50,4.567544505
186,49:56.8,-0.04,0.03,0.01,0.42,-0.12,10.93,-50,4.567544505
187,49:56.9,-0.04,0.03,0.01,0.42,-0.11,10.94,-50,4.567544505
188,49:57.0,-0.04,0.03,0.01,0.42,-0.11,10.92,-50,4.567544505
189,49:57.2,-0.04,0.03,0.01,0.42,-0.11,10.95,-50,4.567544505
190,49:57.8,-0.04,0.03,0.01,0.42,-0.12,10.94,-50,4.567544505
191,49:57.1,-0.04,0.03,0.01,0.41,-0.11,10.91,-50,4.567544505
192,49:57.2,-0.04,0.03,0.01,0.41,-0.11,10.93,-50,4.567544505
193,49:57.3,-0.04,0.03,0.01,0.42,-0.11,10.92,-50,4.567544505
194,49:57.3,-0.04,0.03,0.01,0.42,-0.1,10.93,-50,4.567544505
195,49:57.4,-0.04,0.03,0.01,0.42,-0.11,10.92,-50,4.567544505
196,49:57.4,-0.04,0.03,0.01,0.41,-0.12,10.92,-50,4.567544505
197,49:57.5,-0.04,0.03,0.01,0.41,-0.11,10.93,-50,4.567544505
198,49:57.6,-0.04,0.03,0.01,0.42,-0.11,10.93,-50,4.567544505
199,49:57.6,-0.04,0.03,0.01,0.42,-0.12,10.92,-50,4.567544505
200,49:57.7,-0.04,0.03,0.01,0.42,-0.11,10.92,-50,4.567544505
201,49:57.7,-0.04,0.03,0.01,0.42,-0.11,10.92,-50,4.567544505
202,49:57.8,-0.04,0.03,0.01,0.42,-0.11,10.92,-50,4.567544505
203,49:57.9,-0.04,0.03,0.01,0.42,-0.11,10.91,-50,4.567544505
204,49:57.9,-0.04,0.03,0.01,0.42,-0.11,10.92,-50,4.567544505
205,49:58.0,-0.04,0.03,0.01,0.42,-0.11,10.92,-50,4.567544505
206,49:58.3,-0.04,0.03,0.01,0.41,-0.11,10.92,-50,4.567544505
207,49:59.0,-0.04,0.03,0.01,0.41,-0.11,10.91,-50,4.567544505
208,49:58.2,-0.04,0.03,0.01,0.42,-0.1,10.93,-50,4.567544505
209,49:58.2,-0.04,0.03,0.01,0.42,-0.11,10.92,-50,4.567544505
210,49:58.3,-0.04,0.03,0.01,0.42,-0.11,10.91,-50,4.567544505
211,49:58.3,-0.04,0.03,0.01,0.43,-0.12,10.92,-50,4.567544505
212,49:58.4,-0.04,0.03,0.01,0.42,-0.12,10.92,-50,4.567544505
213,49:58.4,-0.04,0.03,0.01,0.42,-0.11,10.93,-50,4.567544505
214,49:58.5,-0.04,0.03,0.01,0.42,-0.11,10.92,-50,4.567544505
215,49:58.6,-0.04,0.03,0.01,0.41,-0.11,10.92,-50,4.567544505
216,49:58.6,-0.04,0.03,0.01,0.42,-0.1,10.92,-50,4.567544505
217,49:58.7,-0.04,0.03,0.01,0.42,-0.11,10.94,-50,4.567544505
218,49:58.7,-0.04,0.03,0.01,0.41,-0.11,10.93,-50,4.567544505
219,49:58.8,-0.04,0.03,0.01,0.43,-0.11,10.94,-50,4.567544505
220,49:58.9,-0.04,0.03,0.01,0.42,-0.11,10.94,-50,4.567544505
221,49:58.9,-0.04,0.03,0.01,0.42,-0.12,10.93,-50,4.567544505
222,49:59.0,-0.04,0.03,0.01,0.42,-0.11,10.92,-50,4.567544505
223,49:59.5,-0.04,0.03,0.01,0.41,-0.12,10.93,-50,4.567544505
224,49:59.1,-0.04,0.03,0.01,0.42,-0.12,10.93,-50,4.567544505
225,49:59.2,-0.04,0.03,0.01,0.42,-0.12,10.93,-50,4.567544505
226,49:59.2,-0.04,0.03,0.01,0.42,-0.11,10.92,-50,4.567544505
227,49:59.3,-0.04,0.03,0.01,0.41,-0.11,10.93,-50,4.567544505
228,49:59.3,-0.04,0.03,0.01,0.43,-0.11,10.93,-50,4.567544505
229,49:59.4,-0.04,0.03,0.01,0.42,-0.12,10.93,-50,4.567544505
230,49:59.5,-0.04,0.03,0.01,0.42,-0.12,10.93,-50,4.567544505
231,49:59.5,-0.04,0.03,0.01,0.42,-0.12,10.95,-50,4.567544505
232,49:59.6,-0.04,0.03,0.01,0.42,-0.11,10.93,-50,4.567544505
233,49:59.6,-0.04,0.03,0.01,0.42,-0.12,10.93,-50,4.567544505
234,49:59.7,-0.04,0.03,0.01,0.42,-0.11,10.93,-50,4.567544505
235,49:59.8,-0.04,0.03,0.01,0.42,-0.11,10.93,-50,4.567544505
236,49:59.8,-0.04,0.03,0.01,0.42,-0.11,10.92,-50,4.567544505
237,49:59.9,-0.04,0.03,0.01,0.42,-0.11,10.92,-49,4.344782731
238,49:59.9,-0.04,0.03,0.01,0.42,-0.12,10.93,-49,4.344782731
239,50:00.4,-0.04,0.03,0.01,0.43,-0.11,10.92,-49,4.344782731
240,50:00.7,-0.04,0.03,0.01,0.42,-0.11,10.93,-49,4.344782731
241,50:00.1,-0.04,0.03,0.01,0.41,-0.12,10.92,-49,4.344782731
242,50:00.2,-0.04,0.03,0.01,0.42,-0.1,10.94,-49,4.344782731
243,50:00.3,-0.04,0.03,0.01,0.42,-0.11,10.92,-49,4.344782731
244,50:00.3,-0.04,0.03,0.01,0.42,-0.11,10.92,-49,4.344782731
245,50:00.4,-0.04,0.03,0.01,0.43,-0.11,10.94,-49,4.344782731
246,50:00.4,-0.04,0.03,0.01,0.42,-0.11,10.94,-49,4.344782731
247,50:00.5,-0.04,0.03,0.01,0.41,-0.11,10.92,-49,4.344782731
248,50:00.5,-0.04,0.03,0.01,0.42,-0.12,10.93,-49,4.344782731
249,50:00.6,-0.04,0.03,0.01,0.42,-0.11,10.91,-49,4.344782731
250,50:00.7,-0.04,0.03,0.01,0.42,-0.12,10.92,-49,4.344782731
251,50:00.7,-0.04,0.03,0.01,0.42,-0.11,10.92,-49,4.344782731
252,50:00.8,-0.04,0.03,0.01,0.42,-0.11,10.93,-49,4.344782731
253,50:00.8,-0.04,0.03,0.01,0.42,-0.12,10.93,-49,4.344782731
254,50:00.9,-0.04,0.03,0.01,0.41,-0.11,10.91,-49,4.344782731
255,50:01.0,-0.04,0.03,0.01,0.41,-0.1,10.92,-49,4.344782731
256,50:01.3,-0.04,0.03,0.01,0.42,-0.1,10.93,-49,4.344782731
257,50:01.9,-0.04,0.03,0.01,0.42,-0.11,10.92,-49,4.344782731
258,50:01.2,-0.04,0.03,0.01,0.42,-0.11,10.92,-49,4.344782731
259,50:01.2,-0.04,0.03,0.01,0.41,-0.11,10.91,-49,4.344782731
260,50:01.3,-0.04,0.03,0.01,0.42,-0.11,10.92,-49,4.344782731
261,50:01.3,-0.04,0.03,0.01,0.43,-0.12,10.92,-49,4.344782731
262,50:01.4,-0.04,0.03,0.01,0.42,-0.11,10.93,-49,4.344782731
263,50:01.4,-0.04,0.03,0.01,0.42,-0.11,10.93,-49,4.344782731
264,50:01.5,-0.04,0.03,0.01,0.41,-0.12,10.94,-49,4.344782731
265,50:01.6,-0.04,0.03,0.01,0.41,-0.11,10.94,-49,4.344782731
266,50:01.6,-0.04,0.03,0.01,0.42,-0.12,10.95,-49,4.344782731
267,50:01.7,-0.04,0.03,0.01,0.42,-0.12,10.93,-49,4.344782731
268,50:01.7,-0.04,0.03,0.01,0.42,-0.11,10.92,-49,4.344782731
269,50:01.8,0,0.03,0.04,0.08,2.6,12.57,-49,4.344782731
270,50:01.9,-0.16,0.05,0.06,0.45,2.23,12.34,-49,4.344782731
271,50:01.9,-0.18,0.02,0.09,0.53,-2.77,11.11,-49,4.344782731
272,50:02.0,-0.05,0.03,-0.01,0.33,-1.23,10.7,-49,4.344782731
273,50:02.5,-0.05,0.03,-0.01,0.41,-2.08,10.89,-49,4.344782731
274,50:03.0,-0.02,0.04,0.05,0.52,-0.04,11.05,-49,4.344782731
275,50:02.2,-0.03,0.03,0.02,0.5,0.07,10.92,-49,4.344782731
276,50:02.2,-0.04,0.03,0.02,0.44,-0.16,10.92,-49,4.344782731
277,50:02.3,-0.04,0.03,0.02,0.41,-0.11,10.93,-49,4.344782731
278,50:02.3,-0.04,0.03,0.01,0.42,-0.1,10.91,-49,4.344782731
279,50:02.4,-0.04,0.03,0.01,0.43,-0.1,10.92,-49,4.344782731
280,50:02.5,-0.04,0.03,0.01,0.42,-0.1,10.94,-49,4.344782731
281,50:02.5,-0.04,0.03,0.01,0.42,-0.11,10.94,-49,4.344782731
282,50:02.6,-0.04,0.03,0.01,0.43,-0.11,10.91,-49,4.344782731
283,50:02.6,-0.04,0.03,0.01,0.43,-0.11,10.92,-49,4.344782731
284,50:02.7,-0.04,0.03,0.01,0.43,-0.11,10.92,-49,4.344782731
285,50:02.7,-0.04,0.03,0.01,0.43,-0.12,10.92,-49,4.344782731
286,50:02.8,-0.04,0.03,0.01,0.42,-0.1,10.94,-49,4.344782731
287,50:02.9,-0.04,0.03,0.01,0.42,-0.1,10.93,-49,4.344782731
288,50:02.9,-0.04,0.03,0.01,0.42,-0.11,10.93,-49,4.344782731
289,50:03.0,-0.04,0.03,0.01,0.42,-0.11,10.91,-49,4.344782731
290,50:03.2,-0.04,0.03,0.01,0.42,-0.11,10.91,-49,4.344782731
291,50:03.5,-0.04,0.03,0.01,0.42,-0.1,10.92,-49,4.344782731
292,50:04.0,-0.04,0.03,0.01,0.43,-0.1,10.92,-49,4.344782731
293,50:03.1,-0.04,0.03,0.01,0.43,-0.1,10.92,-49,4.344782731
294,50:03.2,-0.04,0.03,0.01,0.42,-0.1,10.91,-49,4.344782731
295,50:03.2,-0.04,0.03,0.01,0.43,-0.11,10.92,-49,4.344782731
296,50:03.3,-0.04,0.03,0.01,0.43,-0.11,10.92,-49,4.344782731
297,50:03.3,-0.04,0.03,0.01,0.43,-0.1,10.92,-49,4.344782731
298,50:03.4,-0.04,0.03,0.01,0.43,-0.11,10.92,-49,4.344782731
299,50:03.4,-0.04,0.03,0.01,0.43,-0.11,10.93,-49,4.344782731
300,50:03.5,-0.04,0.03,0.01,0.42,-0.11,10.93,-49,4.344782731
301,50:03.5,-0.04,0.03,0.01,0.42,-0.1,10.91,-49,4.344782731
302,50:03.6,-0.04,0.03,0.01,0.42,-0.1,10.93,-49,4.344782731
303,50:03.6,-0.04,0.03,0.01,0.43,-0.1,10.93,-49,4.344782731
304,50:03.7,-0.04,0.03,0.01,0.42,-0.11,10.93,-49,4.344782731
305,50:03.7,-0.04,0.03,0.01,0.41,-0.1,10.92,-49,4.344782731
306,50:03.8,-0.04,0.03,0.01,0.42,-0.1,10.93,-49,4.344782731
307,50:03.9,0.22,0.02,0.01,0.36,3.96,10.22,-49,4.344782731
308,50:03.9,0.14,0.11,0,0.3,5.33,9.24,-49,4.344782731
309,50:04.0,-0.05,-0.07,-0.17,0.98,3.86,10.2,-49,4.344782731
310,50:04.4,-0.11,-0.04,-0.2,0.27,2.95,11.17,-49,4.344782731
311,50:04.1,0.02,0.09,0.1,0.4,0.98,11.27,-49,4.344782731
312,50:04.2,-0.1,-0.05,-0.07,0.06,0.82,10.96,-51,4.801727519
313,50:04.2,-0.03,-0.07,0.02,0.92,0.81,9.85,-51,4.801727519
314,50:04.3,-0.07,0.12,0.14,0.46,-0.68,11.13,-53,5.306729611
315,50:04.3,-0.12,-0.07,-0.05,0.27,-0.33,10.48,-53,5.306729611
316,50:04.4,-0.15,-0.01,-0.09,0.65,-4.52,10.42,-55,5.864843236
317,50:04.5,-0.2,0.11,-0.13,0.32,-5.78,10.64,-56,6.165540179
318,50:04.5,-0.03,0.14,-0.07,0.6,-4.64,10.81,-56,6.165540179
319,50:04.6,0,0.11,0.02,0.5,-2.6,11.22,-57,6.481654184
320,50:04.6,-0.03,0.07,-0.01,0.26,-1.98,11.06,-57,6.481654184
321,50:04.7,-0.04,0.05,0.01,0.3,-1.68,10.7,-57,6.481654184
322,50:04.8,-0.01,0.04,-0.01,0.28,-0.27,10.87,-57,6.481654184
323,50:04.8,0.22,0.05,0.01,0.4,4.21,10.43,-57,6.481654184
324,50:04.9,0,0.16,0,0.76,5.64,12.82,-57,6.481654184
325,50:04.9,-0.28,0.03,-0.12,0.42,4.8,14.27,-57,6.481654184
326,50:05.0,-0.51,-0.05,-0.2,-0.05,-3.13,12.54,-57,6.481654184
327,50:05.4,-0.19,-0.04,-0.07,0.77,-5.06,11.63,-57,6.481654184
328,50:05.9,-0.05,0.05,-0.02,0.44,-2.34,10.77,-57,6.481654184
329,50:05.2,-0.04,0.04,0.01,0.42,-1.87,11.12,-57,6.481654184
330,50:05.2,-0.05,0.02,0.03,0.63,-1.67,10.78,-57,6.481654184
331,50:05.3,0.02,0.03,0.03,0.51,-0.32,10.9,-57,6.481654184
332,50:05.3,-0.02,0.03,0.03,0.54,0.14,10.89,-57,6.481654184
333,50:05.4,-0.04,0.03,0.01,0.51,-0.3,10.92,-57,6.481654184
334,50:05.5,-0.03,0.03,0.02,0.51,-0.19,10.89,-57,6.481654184
335,50:05.5,-0.04,0.03,0.01,0.48,-0.25,10.92,-57,6.481654184
336,50:05.6,-0.04,0.03,0.01,0.48,-0.22,10.93,-57,6.481654184
337,50:05.6,-0.04,0.03,0.01,0.48,-0.22,10.93,-57,6.481654184
338,50:05.7,-0.04,0.03,0.01,0.49,-0.21,10.94,-57,6.481654184
339,50:05.7,-0.04,0.03,0.02,0.49,-0.22,10.91,-57,6.481654184
340,50:05.8,-0.04,0.03,0.01,0.48,-0.23,10.92,-57,6.481654184
341,50:05.9,-0.04,0.03,0.01,0.48,-0.22,10.92,-57,6.481654184
342,50:05.9,-0.04,0.03,0.01,0.48,-0.22,10.9,-57,6.481654184
343,50:06.0,-0.04,0.03,0.01,0.48,-0.23,10.91,-57,6.481654184
344,50:06.4,-0.04,0.03,0.01,0.48,-0.23,10.9,-57,6.481654184
345,50:07.0,-0.04,0.03,0.01,0.48,-0.23,10.92,-57,6.481654184
346,50:06.1,-0.04,0.03,0.01,0.49,-0.22,10.93,-57,6.481654184
347,50:06.2,-0.04,0.03,0.01,0.48,-0.22,10.93,-57,6.481654184
348,50:06.3,-0.04,0.03,0.01,0.49,-0.22,10.92,-57,6.481654184
349,50:06.3,-0.04,0.03,0.01,0.49,-0.22,10.92,-57,6.481654184
350,50:06.4,-0.04,0.03,0.01,0.48,-0.22,10.93,-57,6.481654184
351,50:06.4,-0.04,0.03,0.01,0.49,-0.22,10.91,-57,6.481654184
352,50:06.5,-0.04,0.03,0.01,0.48,-0.22,10.92,-57,6.481654184
353,50:06.6,-0.04,0.03,0.01,0.48,-0.23,10.91,-57,6.481654184
354,50:06.6,-0.04,0.03,0.01,0.48,-0.22,10.92,-57,6.481654184
355,50:06.7,-0.04,0.03,0.01,0.48,-0.22,10.92,-57,6.481654184
356,50:06.7,-0.04,0.03,0.01,0.48,-0.22,10.93,-57,6.481654184
357,50:06.8,-0.04,0.03,0.01,0.48,-0.23,10.91,-57,6.481654184
358,50:06.9,-0.04,0.03,0.01,0.48,-0.23,10.91,-57,6.481654184
359,50:06.9,-0.04,0.03,0.01,0.48,-0.22,10.91,-57,6.481654184
360,50:07.0,-0.04,0.03,0.01,0.48,-0.22,10.92,-57,6.481654184
361,50:07.3,-0.04,0.03,0.01,0.48,-0.23,10.92,-57,6.481654184
362,50:07.9,-0.04,0.03,0.01,0.49,-0.21,10.91,-57,6.481654184
363,50:07.1,-0.04,0.03,0.01,0.48,-0.22,10.91,-57,6.481654184
364,50:07.2,-0.04,0.03,0.01,0.48,-0.22,10.9,-57,6.481654184
365,50:07.3,-0.04,0.03,0.01,0.49,-0.23,10.92,-57,6.481654184
366,50:07.3,-0.04,0.03,0.01,0.48,-0.23,10.91,-57,6.481654184
367,50:07.4,-0.04,0.03,0.01,0.48,-0.22,10.91,-57,6.481654184
368,50:07.4,-0.04,0.03,0.01,0.48,-0.22,10.92,-57,6.481654184
369,50:07.5,-0.04,0.03,0.01,0.49,-0.22,10.92,-57,6.481654184
370,50:07.5,-0.04,0.03,0.01,0.49,-0.22,10.91,-57,6.481654184
371,50:07.6,-0.04,0.03,0.01,0.49,-0.22,10.91,-57,6.481654184
372,50:07.7,-0.04,0.03,0.01,0.48,-0.21,10.92,-57,6.481654184
373,50:07.7,-0.04,0.03,0.01,0.48,-0.23,10.92,-57,6.481654184
374,50:07.8,-0.04,0.03,0.01,0.47,-0.22,10.91,-57,6.481654184
375,50:07.9,-0.04,0.03,0.01,0.48,-0.22,10.92,-57,6.481654184
376,50:08.0,-0.04,0.03,0.01,0.48,-0.22,10.93,-57,6.481654184
377,50:08.3,-0.04,0.03,0.01,0.48,-0.22,10.9,-57,6.481654184
378,50:08.9,-0.04,0.03,0.01,0.48,-0.22,10.91,-57,6.481654184
379,50:08.1,-0.04,0.03,0.01,0.48,-0.22,10.91,-57,6.481654184
380,50:08.2,-0.04,0.03,0.01,0.48,-0.22,10.9,-57,6.481654184
381,50:08.3,-0.04,0.03,0.01,0.49,-0.22,10.91,-57,6.481654184
382,50:08.3,-0.04,0.03,0.01,0.49,-0.22,10.92,-57,6.481654184
383,50:08.4,-0.04,0.03,0.01,0.48,-0.23,10.92,-57,6.481654184
384,50:08.4,-0.04,0.03,0.01,0.57,0.63,11.95,-57,6.481654184
385,50:08.5,-0.03,-0.03,0.23,1.2,4.09,8.42,-57,6.481654184
386,50:08.6,0.05,0.07,0.24,0.55,4.61,11.12,-57,6.481654184
387,50:08.6,0.07,0.02,-0.05,0.57,3.81,11.45,-57,6.481654184
388,50:08.7,-0.04,0,-0.07,0.3,1.98,12.01,-58,6.8139757
389,50:08.7,-0.12,0.1,0.02,0.64,1.96,11.8,-58,6.8139757
390,50:08.8,0.02,0.03,-0.04,-0.04,0.7,9.62,-59,7.163335705
391,50:08.9,0.14,-0.01,0.12,0.32,0.22,10.84,-59,7.163335705
392,50:08.9,-0.03,0.07,0.11,0.99,0.29,10.97,-59,7.163335705
393,50:09.0,-0.06,0.03,-0.05,0.12,0.1,9.67,-59,7.163335705
394,50:09.3,-0.36,-0.03,0.11,0.09,-3.91,11.16,-59,7.163335705
395,50:09.9,-0.31,-0.08,0.15,0.44,-5.09,10.75,-59,7.163335705
396,50:09.1,-0.24,-0.04,0.16,0.69,-5.92,11.85,-59,7.163335705
397,50:09.2,-0.13,0.06,0.03,0.54,-3.94,11.62,-59,7.163335705
398,50:09.3,0.01,0.05,0.02,0.51,-1.89,10.49,-58,6.8139757
399,50:09.3,-0.04,0.05,0.02,0.42,-1.47,10.88,-58,6.8139757
400,50:09.4,-0.06,0.05,0.04,0.39,-1.53,11.06,-57,6.481654184
401,50:09.4,-0.01,0.03,0.03,0.43,0.05,10.89,-57,6.481654184
402,50:09.5,-0.04,0.04,0.01,0.41,-0.19,10.91,-57,6.481654184
403,50:09.6,-0.04,0.03,0.02,0.4,-0.31,10.9,-57,6.481654184
404,50:09.6,-0.04,0.03,0.01,0.41,-0.12,10.91,-57,6.481654184
405,50:09.7,-0.04,0.03,0.01,0.4,-0.22,10.92,-57,6.481654184
406,50:09.7,-0.04,0.03,0.01,0.41,-0.18,10.91,-57,6.481654184
407,50:09.8,-0.04,0.03,0.01,0.41,-0.19,10.92,-57,6.481654184
408,50:09.8,-0.04,0.03,0.01,0.4,-0.2,10.92,-57,6.481654184
409,50:09.9,-0.04,0.03,0.01,0.4,-0.18,10.92,-57,6.481654184
410,50:10.0,-0.04,0.03,0.01,0.41,-0.18,10.92,-57,6.481654184
411,50:10.3,-0.04,0.03,0.01,0.4,-0.18,10.93,-57,6.481654184
412,50:10.9,-0.04,0.03,0.01,0.41,-0.19,10.92,-57,6.481654184
413,50:10.1,-0.04,0.03,0.01,0.4,-0.19,10.93,-57,6.481654184
414,50:10.2,-0.04,0.03,0.01,0.4,-0.18,10.91,-57,6.481654184
415,50:10.3,-0.04,0.03,0.01,0.4,-0.18,10.92,-57,6.481654184
416,50:10.3,-0.04,0.03,0.01,0.4,-0.2,10.92,-57,6.481654184
417,50:10.4,-0.04,0.03,0.01,0.4,-0.18,10.92,-57,6.481654184
418,50:10.4,-0.04,0.03,0.01,0.41,-0.19,10.94,-57,6.481654184
419,50:10.5,-0.04,0.03,0.01,0.4,-0.18,10.93,-57,6.481654184
420,50:10.5,-0.04,0.03,0.01,0.4,-0.19,10.92,-57,6.481654184
421,50:10.6,-0.04,0.03,0.01,0.41,-0.18,10.92,-57,6.481654184
422,50:10.7,-0.04,0.03,0.01,0.41,-0.19,10.94,-57,6.481654184
423,50:10.7,-0.04,0.03,0.01,0.41,-0.19,10.92,-57,6.481654184
424,50:10.8,-0.04,0.03,0.01,0.42,-0.18,10.92,-57,6.481654184
425,50:10.9,-0.04,0.03,0.01,0.42,-0.18,10.93,-57,6.481654184
426,50:10.9,-0.04,0.03,0.01,0.41,-0.19,10.92,-57,6.481654184
427,50:11.0,-0.04,0.03,0.01,0.4,-0.18,10.93,-57,6.481654184
428,50:11.3,-0.04,0.03,0.01,0.41,-0.19,10.91,-57,6.481654184
429,50:11.8,-0.04,0.03,0.01,0.41,-0.19,10.91,-57,6.481654184
430,50:11.1,-0.04,0.03,0.01,0.41,-0.18,10.93,-57,6.481654184
431,50:11.2,-0.04,0.03,0.01,0.4,-0.17,10.93,-57,6.481654184
432,50:11.3,-0.04,0.03,0.01,0.42,-0.18,10.93,-57,6.481654184
433,50:11.3,-0.04,0.03,0.01,0.41,-0.18,10.92,-57,6.481654184
434,50:11.4,-0.04,0.03,0.01,0.4,-0.19,10.91,-57,6.481654184
435,50:11.4,-0.04,0.03,0.01,0.39,-0.18,10.9,-57,6.481654184
436,50:11.5,-0.04,0.03,0.01,0.4,-0.18,10.91,-57,6.481654184
437,50:11.6,-0.04,0.03,0.01,0.41,-0.19,10.92,-57,6.481654184
438,50:11.6,-0.04,0.03,0.01,0.41,-0.19,10.92,-57,6.481654184
439,50:11.7,-0.04,0.03,0.01,0.42,-0.19,10.91,-56,6.165540179
440,50:11.7,-0.04,0.03,0.01,0.41,-0.2,10.92,-56,6.165540179
441,50:11.8,-0.04,0.03,0.01,0.41,-0.18,10.92,-56,6.165540179
442,50:11.9,-0.04,0.03,0.01,0.41,-0.2,10.92,-56,6.165540179
443,50:11.9,-0.04,0.03,0.01,0.4,-0.2,10.92,-56,6.165540179
444,50:12.0,-0.04,0.03,0.01,0.4,-0.19,10.94,-56,6.165540179
445,50:12.3,-0.04,0.03,0.01,0.41,-0.19,10.91,-56,6.165540179
446,50:12.9,-0.04,0.03,0.01,0.41,-0.18,10.92,-56,6.165540179
447,50:12.2,-0.04,0.03,0.01,0.41,-0.18,10.93,-56,6.165540179
448,50:12.2,-0.04,0.03,0.01,0.4,-0.18,10.92,-56,6.165540179
449,50:12.3,-0.04,0.03,0.01,0.4,-0.19,10.91,-56,6.165540179
450,50:12.3,-0.04,0.03,0.01,0.41,-0.19,10.92,-56,6.165540179
451,50:12.4,-0.04,0.03,0.01,0.41,-0.19,10.91,-56,6.165540179
452,50:12.4,-0.04,0.03,0.01,0.41,-0.19,10.92,-56,6.165540179
453,50:12.5,-0.04,0.03,0.01,0.42,-0.18,10.91,-56,6.165540179
454,50:12.6,-0.04,0.03,0.01,0.41,-0.18,10.9,-56,6.165540179
455,50:12.6,-0.04,0.03,0.01,0.41,-0.18,10.92,-56,6.165540179
456,50:12.7,-0.04,0.03,0.01,0.4,-0.19,10.92,-56,6.165540179
457,50:12.7,-0.04,0.03,0.01,0.4,-0.19,10.94,-56,6.165540179
458,50:12.8,-0.04,0.03,0.01,0.4,-0.19,10.92,-56,6.165540179
459,50:12.9,-0.04,0.03,0.01,0.3,-0.02,11.09,-56,6.165540179
460,50:12.9,0.25,-0.05,0.03,0.36,4.31,9.78,-56,6.165540179
461,50:13.0,-0.21,0.07,-0.05,0.13,5.31,12.7,-57,6.481654184
462,50:14.0,-0.14,0.01,-0.05,0.88,4.71,12.75,-57,6.481654184
463,50:13.6,-0.12,-0.01,-0.12,0.12,3.46,12.08,-57,6.481654184
464,50:13.1,-0.17,0.06,-0.11,0.67,2.57,11.42,-58,6.8139757
465,50:13.2,-0.17,0.02,-0.11,0.16,1.74,10.86,-58,6.8139757
466,50:13.2,-0.02,0.01,0.09,0.39,0.23,10.79,-58,6.8139757
467,50:13.3,0.06,0.09,0.12,0.67,0.54,11.46,-58,6.8139757
468,50:13.3,-0.03,0,-0.06,0.05,0.46,10.05,-58,6.8139757
469,50:13.4,-0.02,0.05,0.09,0.5,-0.71,10.72,-58,6.8139757
470,50:13.5,-0.03,0.05,0,1.16,0.22,9.97,-58,6.8139757
471,50:13.5,-0.45,0,0.03,0.02,-3.25,10.74,-58,6.8139757
472,50:13.6,-0.17,0.14,0.12,0.38,-5.84,10.57,-58,6.8139757
473,50:13.6,-0.05,-0.13,0.08,0.57,-5.15,10.46,-58,6.8139757
474,50:13.7,0.01,0.02,0.16,0.45,-3.3,10.82,-58,6.8139757
475,50:13.8,0,0.06,-0.01,0.41,-1.87,10.91,-57,6.481654184
476,50:13.8,0.01,0.07,0.01,0.45,-1.56,10.78,-57,6.481654184
477,50:13.9,-0.07,0.04,0.02,0.36,-1.46,11.13,-56,6.165540179
478,50:13.9,-0.02,0.03,0.02,0.45,0.2,10.85,-56,6.165540179
479,50:14.6,-0.04,0.04,0.01,0.42,-0.15,10.9,-56,6.165540179
480,50:14.7,-0.03,0.03,0.01,0.42,-0.19,10.91,-56,6.165540179
481,50:14.1,-0.04,0.03,0.01,0.42,-0.16,10.93,-56,6.165540179
482,50:14.2,-0.04,0.03,0.02,0.42,-0.13,10.9,-56,6.165540179
483,50:14.3,-0.04,0.03,0.01,0.42,-0.14,10.92,-56,6.165540179
484,50:14.3,-0.04,0.03,0.01,0.44,-0.16,10.92,-56,6.165540179
485,50:14.4,-0.04,0.03,0.01,0.43,-0.13,10.91,-56,6.165540179
486,50:14.4,-0.04,0.03,0.01,0.43,-0.14,10.93,-56,6.165540179
487,50:14.5,-0.04,0.03,0.01,0.43,-0.16,10.93,-56,6.165540179
488,50:14.6,-0.04,0.03,0.01,0.44,-0.15,10.94,-56,6.165540179
489,50:14.6,-0.04,0.03,0.01,0.44,-0.14,10.92,-56,6.165540179
490,50:14.7,-0.04,0.03,0.01,0.43,-0.15,10.93,-56,6.165540179
491,50:14.8,-0.04,0.03,0.01,0.43,-0.15,10.92,-56,6.165540179
492,50:14.8,-0.04,0.03,0.01,0.43,-0.14,10.93,-56,6.165540179
493,50:14.9,-0.04,0.03,0.01,0.43,-0.15,10.92,-56,6.165540179
494,50:14.9,-0.04,0.03,0.01,0.43,-0.15,10.92,-56,6.165540179
495,50:15.5,-0.04,0.03,0.01,0.43,-0.16,10.91,-56,6.165540179
496,50:15.6,-0.04,0.03,0.01,0.42,-0.15,10.91,-56,6.165540179
497,50:15.1,-0.04,0.03,0.01,0.43,-0.14,10.92,-56,6.165540179
498,50:15.2,-0.04,0.03,0.01,0.43,-0.15,10.92,-56,6.165540179
499,50:15.2,-0.04,0.03,0.01,0.43,-0.15,10.92,-56,6.165540179
500,50:15.3,-0.04,0.03,0.01,0.43,-0.15,10.93,-56,6.165540179
501,50:15.4,-0.04,0.03,0.01,0.43,-0.16,10.94,-56,6.165540179
502,50:15.4,-0.04,0.03,0.01,0.43,-0.16,10.93,-56,6.165540179
503,50:15.5,-0.04,0.03,0.01,0.43,-0.16,10.92,-56,6.165540179
504,50:15.5,-0.04,0.03,0.01,0.44,-0.15,10.94,-56,6.165540179
505,50:15.5,-0.04,0.03,0.01,0.44,-0.14,10.92,-56,6.165540179
506,50:15.6,-0.04,0.03,0.01,0.43,-0.15,10.91,-56,6.165540179
507,50:15.7,-0.04,0.03,0.01,0.43,-0.15,10.95,-56,6.165540179
508,50:15.7,-0.04,0.03,0.01,0.43,-0.15,10.95,-56,6.165540179
509,50:15.8,-0.04,0.03,0.01,0.43,-0.14,10.93,-56,6.165540179
510,50:15.8,-0.04,0.03,0.01,0.44,-0.16,10.93,-56,6.165540179
511,50:15.9,-0.04,0.03,0.01,0.43,-0.15,10.93,-56,6.165540179
512,50:16.0,-0.04,0.03,0.01,0.42,-0.15,10.92,-56,6.165540179
513,50:16.3,-0.04,0.03,0.01,0.43,-0.15,10.92,-56,6.165540179
514,50:16.9,-0.04,0.03,0.01,0.42,-0.14,10.92,-56,6.165540179
515,50:16.1,-0.04,0.03,0.01,0.44,-0.14,10.91,-56,6.165540179
516,50:16.2,-0.04,0.03,0.01,0.42,-0.15,10.93,-56,6.165540179
517,50:16.3,-0.04,0.03,0.01,0.43,-0.15,10.92,-56,6.165540179
518,50:16.3,-0.04,0.03,0.01,0.43,-0.14,10.91,-56,6.165540179
519,50:16.4,-0.04,0.03,0.01,0.43,-0.14,10.93,-56,6.165540179
520,50:16.5,-0.04,0.03,0.01,0.44,-0.15,10.93,-56,6.165540179
521,50:16.5,-0.04,0.03,0.01,0.43,-0.14,10.93,-56,6.165540179
522,50:16.6,-0.04,0.03,0.01,0.43,-0.15,10.93,-56,6.165540179
523,50:16.6,-0.04,0.03,0.01,0.43,-0.15,10.91,-56,6.165540179
524,50:16.7,-0.04,0.03,0.01,0.43,-0.15,10.92,-56,6.165540179
525,50:16.7,-0.04,0.03,0.01,0.43,-0.14,10.92,-56,6.165540179
526,50:16.8,-0.04,0.03,0.01,0.42,-0.15,10.92,-56,6.165540179
527,50:16.9,-0.04,0.03,0.01,0.44,-0.14,10.92,-56,6.165540179
528,50:16.9,-0.04,0.03,0.01,0.43,-0.14,10.92,-56,6.165540179
529,50:17.0,-0.04,0.03,0.01,0.44,-0.16,10.94,-56,6.165540179
530,50:17.3,-0.04,0.03,0.01,0.44,-0.15,10.92,-56,6.165540179
531,50:17.9,-0.04,0.03,0.01,0.43,-0.14,10.91,-56,6.165540179
532,50:17.1,-0.04,0.03,0.01,0.44,-0.15,10.93,-56,6.165540179
533,50:17.2,-0.04,0.03,0.01,0.44,-0.15,10.91,-56,6.165540179
534,50:17.3,-0.04,0.03,0.01,0.43,-0.14,10.92,-56,6.165540179
535,50:17.3,-0.04,0.03,0.01,0.43,-0.14,10.94,-56,6.165540179
536,50:17.4,-0.04,0.03,0.01,0.44,-0.14,10.92,-56,6.165540179
537,50:17.4,-0.04,0.03,0.01,0.44,-0.14,10.92,-56,6.165540179
538,50:17.5,-0.04,0.03,0.01,0.43,-0.15,10.92,-56,6.165540179
539,50:17.6,0.04,0.05,0.02,0.47,3.82,10.12,-56,6.165540179
540,50:17.7,0.12,0.09,0.05,-0.09,6.47,12.14,-56,6.165540179
541,50:17.7,-0.09,0.02,-0.02,0.61,5.2,11.67,-56,6.165540179
542,50:17.8,-0.08,0.03,-0.19,0.35,3.63,10.67,-56,6.165540179
543,50:17.8,0.05,0.13,0.01,0.88,0.84,11.05,-56,6.165540179
544,50:17.9,-0.03,0.04,0.03,0.1,1.63,11.2,-56,6.165540179
545,50:18.0,-0.18,0,0.01,0.05,0.63,10.73,-56,6.165540179
546,50:18.2,-0.01,0.07,0.05,0.34,-0.25,11.67,-57,6.481654184
547,50:18.8,-0.14,0.07,0.02,0.13,0.36,10.78,-58,6.8139757
548,50:18.2,-0.12,-0.03,0.11,0.89,-0.94,10.87,-58,6.8139757
549,50:18.2,-0.2,0.17,-0.04,0.17,-4.64,11.37,-58,6.8139757
550,50:18.3,-0.09,0.03,-0.04,0.37,-5.74,10.85,-58,6.8139757
551,50:18.3,-0.08,0.03,-0.07,0.22,-5.49,10.81,-59,7.163335705
552,50:18.4,-0.02,0.08,-0.06,0.36,-2.71,10.62,-59,7.163335705
553,50:18.4,-0.06,0.02,-0.07,0.42,-2.01,10.7,-59,7.163335705
554,50:18.5,-0.02,0.04,0,0.4,-1.67,10.89,-59,7.163335705
555,50:18.6,0.03,0.03,0.03,0.43,0.04,10.9,-59,7.163335705
556,50:18.6,-0.04,0.03,0.01,0.42,-0.06,10.94,-59,7.163335705
557,50:18.7,-0.04,0.03,0.01,0.41,-0.32,10.93,-61,7.916710297
558,50:18.8,-0.04,0.03,0.02,0.42,-0.15,10.92,-61,7.916710297
559,50:18.8,-0.04,0.03,0.02,0.42,-0.17,10.92,-63,8.749317987
560,50:18.9,-0.04,0.03,0.01,0.4,-0.2,10.92,-65,9.669491793
561,50:19.0,-0.04,0.03,0.02,0.41,-0.16,10.92,-65,9.669491793
562,50:19.2,-0.04,0.03,0.01,0.41,-0.17,10.92,-65,9.669491793
563,50:19.8,-0.04,0.03,0.01,0.41,-0.18,10.92,-65,9.669491793
564,50:19.1,-0.04,0.03,0.01,0.41,-0.17,10.91,-65,9.669491793
565,50:19.2,-0.04,0.03,0.01,0.4,-0.16,10.91,-65,9.669491793
566,50:19.3,-0.04,0.03,0.01,0.4,-0.17,10.91,-65,9.669491793
567,50:19.3,-0.04,0.03,0.01,0.4,-0.17,10.91,-67,10.68644112
568,50:19.4,-0.04,0.03,0.01,0.41,-0.17,10.92,-67,10.68644112
569,50:19.4,-0.04,0.03,0.01,0.41,-0.16,10.92,-68,11.23434667
570,50:19.5,-0.04,0.03,0.01,0.41,-0.17,10.92,-68,11.23434667
571,50:19.6,-0.04,0.03,0.01,0.41,-0.18,10.92,-68,11.23434667
572,50:19.6,-0.04,0.03,0.01,0.41,-0.17,10.94,-68,11.23434667
573,50:19.7,-0.04,0.03,0.01,0.41,-0.17,10.93,-68,11.23434667
574,50:19.8,-0.04,0.03,0.01,0.41,-0.16,10.92,-69,11.81034395
575,50:19.8,-0.04,0.03,0.01,0.41,-0.17,10.92,-69,11.81034395
576,50:19.9,-0.04,0.03,0.01,0.41,-0.16,10.92,-69,11.81034395
577,50:19.9,-0.04,0.03,0.01,0.41,-0.18,10.92,-69,11.81034395
578,50:20.8,-0.04,0.03,0.01,0.41,-0.16,10.92,-69,11.81034395
579,50:20.9,-0.04,0.03,0.01,0.4,-0.17,10.9,-69,11.81034395
580,50:20.1,-0.04,0.03,0.01,0.41,-0.17,10.92,-69,11.81034395
581,50:20.2,-0.04,0.03,0.01,0.41,-0.17,10.92,-69,11.81034395
582,50:20.3,-0.04,0.03,0.01,0.4,-0.16,10.92,-69,11.81034395
583,50:20.4,-0.04,0.03,0.01,0.42,-0.17,10.91,-69,11.81034395
584,50:20.5,-0.04,0.03,0.01,0.4,-0.17,10.9,-69,11.81034395
585,50:20.5,-0.04,0.03,0.01,0.4,-0.16,10.91,-69,11.81034395
586,50:20.6,-0.04,0.03,0.01,0.41,-0.16,10.92,-69,11.81034395
587,50:20.6,-0.04,0.03,0.01,0.41,-0.17,10.92,-69,11.81034395
588,50:20.7,-0.04,0.03,0.01,0.4,-0.17,10.92,-69,11.81034395
589,50:20.8,-0.04,0.03,0.01,0.41,-0.18,10.91,-69,11.81034395
590,50:20.8,-0.04,0.03,0.01,0.41,-0.17,10.93,-69,11.81034395
591,50:20.9,-0.04,0.03,0.01,0.41,-0.18,10.94,-69,11.81034395
592,50:21.0,-0.04,0.03,0.01,0.4,-0.17,10.92,-69,11.81034395
593,50:21.2,-0.04,0.03,0.01,0.41,-0.16,10.91,-69,11.81034395
594,50:21.9,-0.04,0.03,0.01,0.4,-0.16,10.91,-69,11.81034395
595,50:21.2,-0.04,0.03,0.01,0.41,-0.17,10.93,-70,12.41587323
596,50:21.2,-0.04,0.03,0.01,0.41,-0.17,10.92,-70,12.41587323
597,50:21.3,-0.04,0.03,0.02,0.41,-0.18,10.91,-70,12.41587323
598,50:21.4,-0.04,0.03,0.01,0.41,-0.17,10.92,-71,13.05244866
599,50:21.4,-0.04,0.03,0.01,0.4,-0.17,10.93,-72,13.72166201
600,50:21.5,-0.04,0.03,0.01,0.41,-0.17,10.94,-72,13.72166201
601,50:21.6,-0.04,0.03,0.01,0.4,-0.17,10.94,-72,13.72166201
602,50:21.6,-0.04,0.03,0.01,0.4,-0.17,10.93,-72,13.72166201
603,50:21.7,-0.04,0.03,0.01,0.4,-0.17,10.91,-72,13.72166201
604,50:21.8,-0.04,0.03,0.01,0.41,-0.16,10.93,-72,13.72166201
605,50:21.8,-0.04,0.03,0.01,0.4,-0.16,10.92,-72,13.72166201
606,50:21.9,-0.04,0.03,0.01,0.41,-0.17,10.92,-73,14.42518667
607,50:21.9,-0.04,0.03,0.01,0.41,-0.17,10.91,-73,14.42518667
608,50:22.2,-0.04,0.03,0.01,0.46,5.21,13.79,-71,13.05244866
609,50:22.6,0.03,0.01,0,0.43,0.76,10.8,-67,10.68644112
610,50:22.8,-0.29,0.05,0.07,0.21,-5.12,10.72,-66,10.16525724
611,50:23.2,0.09,0.03,1.05,0.57,0.97,11.23,-65,9.669491793
612,50:23.5,-0.04,0.04,0.02,0.37,-0.15,10.92,-62,8.322608714
613,50:23.9,-0.04,0.03,0.01,0.38,-0.14,10.92,-62,8.322608714
614,50:24.0,-0.04,0.03,0.01,0.39,-0.14,10.94,-62,8.322608714
615,50:24.2,-0.04,0.03,0.01,0.39,-0.14,10.93,-62,8.322608714
616,50:25.0,-0.04,0.03,0.01,0.39,-0.12,10.92,-62,8.322608714
617,50:24.2,-0.04,0.03,0.01,0.39,-0.13,10.93,-62,8.322608714
,,,,,,,,,
,,,,,,,,,
,,,,,,,,,
,,,,,,,,,
,,,,,,,,,
,,,,,,,,,
,,,,,,,,,
,,,,,,,,,
,,,,,,,,,
,,,,,,,,,
,,,,,,,,,
,,,,,,,,,
,,,,,,,,,
,,,,,,,,,
,,,,,,,,,
,,,,,,,,,
,,,,,,,,,
,,,,,,,,,
,,,,,,,,,
,,,,,,,,,
,,,,,,,,,
,,,,,,,,,
,,,,,,,,,
,,,,,,,,,
,,,,,,,,,
,,,,,,,,,
,,,,,,,,,
,,,,,,,,,
,,,,,,,,,
,,,,,,,,,
,,,,,,,,,
,,,,,,,,,
,,,,,,,,,
,,,,,,,,,
,,,,,,,,,
,,,,,,,,,
,,,,,,,,,
,,,,,,,,,
,,,,,,,,,
,,,,,,,,,
,,,,,,,,,
,,,,,,,,,
,,,,,,,,,
,,,,,,,,,
,,,,,,,,,
,,,,,,,,,
,,,,,,,,,
,,,,,,,,,
,,,,,,,,,
,,,,,,,,,
,,,,,,,,,
,,,,,,,,,
,,,,,,,,,
,,,,,,,,,
,,,,,,,,,
,,,,,,,,,
,,,,,,,,,
,,,,,,,,,
,,,,,,,,,
,,,,,,,,,
,,,,,,,,,
,,,,,,,,,
,,,,,,,,,
,,,,,,,,,
,,,,,,,,,
,,,,,,,,,
,,,,,,,,,
,,,,,,,,,
,,,,,,,,,
,,,,,,,,,
,,,,,,,,,
,,,,,,,,,
,,,,,,,,,
,,,,,,,,,
,,,,,,,,,
,,,,,,,,,
,,,,,,,,,
,,,,,,,,,
,,,,,,,,,
,,,,,,,,,
,,,,,,,,,
,,,,,,,,,
,,,,,,,,,
,,,,,,,,,
,,,,,,,,,
,,,,,,,,,
,,,,,,,,,
,,,,,,,,,
,,,,,,,,,
,,,,,,,,,
,,,,,,,,,
,,,,,,,,,
,,,,,,,,,
,,,,,,,,,
,,,,,,,,,
,,,,,,,,,
,,,,,,,,,
,,,,,,,,,
,,,,,,,,,
,,,,,,,,,
,,,,,,,,,
,,,,,,,,,
,,,,,,,,,
,,,,,,,,,
,,,,,,,,,
,,,,,,,,,
,,,,,,,,,
,,,,,,,,,
,,,,,,,,,
,,,,,,,,,
,,,,,,,,,
,,,,,,,,,
,,,,,,,,,
,,,,,,,,,
,,,,,,,,,
,,,,,,,,,
,,,,,,,,,
,,,,,,,,,
,,,,,,,,,
,,,,,,,,,
,,,,,,,,,
,,,,,,,,,
,,,,,,,,,
,,,,,,,,,
,,,,,,,,,
,,,,,,,,,
,,,,,,,,,
,,,,,,,,,
,,,,,,,,,
,,,,,,,,,
,,,,,,,,,
,,,,,,,,,
,,,,,,,,,
,,,,,,,,,
,,,,,,,,,
,,,,,,,,,
,,,,,,,,,
,,,,,,,,,
,,,,,,,,,
,,,,,,,,,
,,,,,,,,,
,,,,,,,,,
,,,,,,,,,
,,,,,,,,,
,,,,,,,,,
,,,,,,,,,
,,,,,,,,,
,,,,,,,,,
,,,,,,,,,
,,,,,,,,,
,,,,,,,,,
,,,,,,,,,
,,,,,,,,,
,,,,,,,,,
,,,,,,,,,
,,,,,,,,,
,,,,,,,,,
,,,,,,,,,
,,,,,,,,,
,,,,,,,,,
,,,,,,,,,
,,,,,,,,,
,,,,,,,,,
,,,,,,,,,
,,,,,,,,,
,,,,,,,,,
,,,,,,,,,
,,,,,,,,,
,,,,,,,,,
,,,,,,,,,
,,,,,,,,,
,,,,,,,,,
,,,,,,,,,
,,,,,,,,,
,,,,,,,,,
,,,,,,,,,
,,,,,,,,,
,,,,,,,,,
,,,,,,,,,
,,,,,,,,,
,,,,,,,,,
,,,,,,,,,
,,,,,,,,,
,,,,,,,,,
,,,,,,,,,
,,,,,,,,,
,,,,,,,,,
,,,,,,,,,
,,,,,,,,,
,,,,,,,,,
,,,,,,,,,
,,,,,,,,,
,,,,,,,,,
,,,,,,,,,
,,,,,,,,,
,,,,,,,,,
,,,,,,,,,
,,,,,,,,,
,,,,,,,,,
,,,,,,,,,
,,,,,,,,,
,,,,,,,,,
,,,,,,,,,
,,,,,,,,,
,,,,,,,,,
,,,,,,,,,
,,,,,,,,,
,,,,,,,,,
,,,,,,,,,
,,,,,,,,,
,,,,,,,,,
,,,,,,,,,
,,,,,,,,,
,,,,,,,,,
,,,,,,,,,
,,,,,,,,,
,,,,,,,,,
,,,,,,,,,
,,,,,,,,,
,,,,,,,,,
,,,,,,,,,
,,,,,,,,,
,,,,,,,,,
,,,,,,,,,
,,,,,,,,,
,,,,,,,,,
,,,,,,,,,
,,,,,,,,,
,,,,,,,,,
,,,,,,,,,
,,,,,,,,,
,,,,,,,,,
,,,,,,,,,
,,,,,,,,,
,,,,,,,,,
,,,,,,,,,
,,,,,,,,,
,,,,,,,,,
,,,,,,,,,
,,,,,,,,,
,,,,,,,,,
,,,,,,,,,
,,,,,,,,,
,,,,,,,,,
,,,,,,,,,
,,,,,,,,,
,,,,,,,,,
,,,,,,,,,
,,,,,,,,,
,,,,,,,,,
,,,,,,,,,
,,,,,,,,,
,,,,,,,,,
,,,,,,,,,
,,,,,,,,,
,,,,,,,,,
,,,,,,,,,
,,,,,,,,,
,,,,,,,,,
,,,,,,,,,
,,,,,,,,,
,,,,,,,,,
,,,,,,,,,
,,,,,,,,,
,,,,,,,,,
,,,,,,,,,
,,,,,,,,,
,,,,,,,,,
,,,,,,,,,
,,,,,,,,,
,,,,,,,,,
,,,,,,,,,
,,,,,,,,,
,,,,,,,,,
,,,,,,,,,
,,,,,,,,,
,,,,,,,,,
,,,,,,,,,
,,,,,,,,,
,,,,,,,,,
,,,,,,,,,
,,,,,,,,,
,,,,,,,,,
,,,,,,,,,
,,,,,,,,,
,,,,,,,,,
,,,,,,,,,
,,,,,,,,,
,,,,,,,,,
,,,,,,,,,
,,,,,,,,,
,,,,,,,,,
,,,,,,,,,
,,,,,,,,,
,,,,,,,,,
,,,,,,,,,
,,,,,,,,,
,,,,,,,,,
,,,,,,,,,
,,,,,,,,,
,,,,,,,,,
,,,,,,,,,
,,,,,,,,,
,,,,,,,,,
,,,,,,,,,
,,,,,,,,,
,,,,,,,,,
,,,,,,,,,
,,,,,,,,,
,,,,,,,,,
,,,,,,,,,
,,,,,,,,,
,,,,,,,,,
,,,,,,,,,
,,,,,,,,,
,,,,,,,,,
,,,,,,,,,
,,,,,,,,,
,,,,,,,,,
,,,,,,,,,
,,,,,,,,,
,,,,,,,,,
,,,,,,,,,
,,,,,,,,,
,,,,,,,,,
,,,,,,,,,
,,,,,,,,,
,,,,,,,,,
,,,,,,,,,
,,,,,,,,,
,,,,,,,,,
,,,,,,,,,
,,,,,,,,,
,,,,,,,,,
,,,,,,,,,
,,,,,,,,,
,,,,,,,,,
,,,,,,,,,
,,,,,,,,,
,,,,,,,,,
,,,,,,,,,
,,,,,,,,,
,,,,,,,,,
,,,,,,,,,
,,,,,,,,,
,,,,,,,,,
,,,,,,,,,
,,,,,,,,,
,,,,,,,,,
,,,,,,,,,
,,,,,,,,,
,,,,,,,,,
,,,,,,,,,
,,,,,,,,,
,,,,,,,,,
,,,,,,,,,
,,,,,,,,,
,,,,,,,,,
,,,,,,,,,
,,,,,,,,,
,,,,,,,,,
,,,,,,,,,
,,,,,,,,,
,,,,,,,,,
,,,,,,,,,
,,,,,,,,,
,,,,,,,,,
,,,,,,,,,
,,,,,,,,,
,,,,,,,,,
,,,,,,,,,
,,,,,,,,,
,,,,,,,,,
,,,,,,,,,
,,,,,,,,,
,,,,,,,,,
,,,,,,,,,
,,,,,,,,,
,,,,,,,,,
,,,,,,,,,
,,,,,,,,,
,,,,,,,,,
,,,,,,,,,
,,,,,,,,,
,,,,,,,,,
,,,,,,,,,
,,,,,,,,,
,,,,,,,,,
,,,,,,,,,
,,,,,,,,,
,,,,,,,,,
,,,,,,,,,
,,,,,,,,,
,,,,,,,,,
,,,,,,,,,
,,,,,,,,,
,,,,,,,,,
,,,,,,,,,
,,,,,,,,,
,,,,,,,,,
,,,,,,,,,
,,,,,,,,,
,,,,,,,,,
,,,,,,,,,
,,,,,,,,,
,,,,,,,,,
,,,,,,,,,
,,,,,,,,,
,,,,,,,,,
,,,,,,,,,
,,,,,,,,,
,,,,,,,,,
,,,,,,,,,
,,,,,,,,,
,,,,,,,,,
,,,,,,,,,
,,,,,,,,,
,,,,,,,,,
,,,,,,,,,
,,,,,,,,,
,,,,,,,,,
,,,,,,,,,
,,,,,,,,,
,,,,,,,,,
,,,,,,,,,
,,,,,,,,,
,,,,,,,,,
,,,,,,,,,
,,,,,,,,,
,,,,,,,,,
,,,,,,,,,
,,,,,,,,,
,,,,,,,,,
,,,,,,,,,
,,,,,,,,,
,,,,,,,,,
,,,,,,,,,
,,,,,,,,,
,,,,,,,,,
,,,,,,,,,
,,,,,,,,,
,,,,,,,,,
,,,,,,,,,
,,,,,,,,,
,,,,,,,,,
,,,,,,,,,
,,,,,,,,,
,,,,,,,,,
,,,,,,,,,
,,,,,,,,,
,,,,,,,,,
,,,,,,,,,
,,,,,,,,,
,,,,,,,,,
,,,,,,,,,
,,,,,,,,,
,,,,,,,,,
,,,,,,,,,
,,,,,,,,,
,,,,,,,,,
,,,,,,,,,
,,,,,,,,,
,,,,,,,,,
,,,,,,,,,
,,,,,,,,,
,,,,,,,,,
,,,,,,,,,
,,,,,,,,,
,,,,,,,,,
,,,,,,,,,
,,,,,,,,,
,,,,,,,,,
,,,,,,,,,
,,,,,,,,,
,,,,,,,,,
,,,,,,,,,
,,,,,,,,,
,,,,,,,,,
,,,,,,,,,
,,,,,,,,,
,,,,,,,,,
,,,,,,,,,
,,,,,,,,,
,,,,,,,,,
,,,,,,,,,
,,,,,,,,,
,,,,,,,,,
,,,,,,,,,
,,,,,,,,,
,,,,,,,,,
,,,,,,,,,
,,,,,,,,,
,,,,,,,,,
,,,,,,,,,
,,,,,,,,,
,,,,,,,,,
,,,,,,,,,
,,,,,,,,,
,,,,,,,,,
,,,,,,,,,
,,,,,,,,,
,,,,,,,,,
,,,,,,,,,
,,,,,,,,,
,,,,,,,,,
,,,,,,,,,
,,,,,,,,,
,,,,,,,,,
,,,,,,,,,
,,,,,,,,,
,,,,,,,,,
,,,,,,,,,
,,,,,,,,,
,,,,,,,,,
,,,,,,,,,
,,,,,,,,,
,,,,,,,,,
,,,,,,,,,
,,,,,,,,,
,,,,,,,,,
,,,,,,,,,
,,,,,,,,,
,,,,,,,,,
,,,,,,,,,
,,,,,,,,,
,,,,,,,,,
,,,,,,,,,
,,,,,,,,,
,,,,,,,,,
,,,,,,,,,
,,,,,,,,,
,,,,,,,,,
,,,,,,,,,
,,,,,,,,,
,,,,,,,,,
,,,,,,,,,
,,,,,,,,,
,,,,,,,,,
,,,,,,,,,
,,,,,,,,,
,,,,,,,,,
,,,,,,,,,
,,,,,,,,,
,,,,,,,,,
,,,,,,,,,
,,,,,,,,,
,,,,,,,,,
,,,,,,,,,
,,,,,,,,,
,,,,,,,,,
,,,,,,,,,
,,,,,,,,,
,,,,,,,,,
,,,,,,,,,
,,,,,,,,,
,,,,,,,,,
,,,,,,,,,
,,,,,,,,,
,,,,,,,,,
,,,,,,,,,
,,,,,,,,,
,,,,,,,,,
,,,,,,,,,
,,,,,,,,,
,,,,,,,,,
,,,,,,,,,
,,,,,,,,,
,,,,,,,,,
,,,,,,,,,
,,,,,,,,,
,,,,,,,,,
,,,,,,,,,
,,,,,,,,,
,,,,,,,,,
,,,,,,,,,
,,,,,,,,,
,,,,,,,,,
,,,,,,,,,
,,,,,,,,,
,,,,,,,,,
,,,,,,,,,
,,,,,,,,,
,,,,,,,,,
,,,,,,,,,
,,,,,,,,,
,,,,,,,,,
,,,,,,,,,
,,,,,,,,,
,,,,,,,,,
,,,,,,,,,
,,,,,,,,,
,,,,,,,,,
,,,,,,,,,
,,,,,,,,,
,,,,,,,,,
,,,,,,,,,
,,,,,,,,,
,,,,,,,,,
,,,,,,,,,
,,,,,,,,,
,,,,,,,,,
,,,,,,,,,
,,,,,,,,,
,,,,,,,,,
,,,,,,,,,
,,,,,,,,,
,,,,,,,,,
,,,,,,,,,
,,,,,,,,,
,,,,,,,,,
,,,,,,,,,
,,,,,,,,,
,,,,,,,,,
,,,,,,,,,
,,,,,,,,,
,,,,,,,,,
,,,,,,,,,
,,,,,,,,,
,,,,,,,,,
,,,,,,,,,
,,,,,,,,,
,,,,,,,,,
,,,,,,,,,
,,,,,,,,,
,,,,,,,,,
,,,,,,,,,
,,,,,,,,,
,,,,,,,,,
,,,,,,,,,
,,,,,,,,,
,,,,,,,,,
,,,,,,,,,
,,,,,,,,,
,,,,,,,,,
,,,,,,,,,
,,,,,,,,,
,,,,,,,,,
,,,,,,,,,
,,,,,,,,,
,,,,,,,,,
,,,,,,,,,
,,,,,,,,,
,,,,,,,,,
,,,,,,,,,
,,,,,,,,,
,,,,,,,,,
,,,,,,,,,
,,,,,,,,,
,,,,,,,,,
,,,,,,,,,
,,,,,,,,,
,,,,,,,,,
,,,,,,,,,
,,,,,,,,,
,,,,,,,,,
,,,,,,,,,
,,,,,,,,,
,,,,,,,,,
,,,,,,,,,
,,,,,,,,,
,,,,,,,,,
,,,,,,,,,
,,,,,,,,,
,,,,,,,,,
,,,,,,,,,
,,,,,,,,,
,,,,,,,,,
,,,,,,,,,
,,,,,,,,,
,,,,,,,,,
,,,,,,,,,
,,,,,,,,,
,,,,,,,,,
,,,,,,,,,
,,,,,,,,,
,,,,,,,,,
,,,,,,,,,
,,,,,,,,,
,,,,,,,,,
,,,,,,,,,
,,,,,,,,,
,,,,,,,,,
,,,,,,,,,
,,,,,,,,,
,,,,,,,,,
,,,,,,,,,
,,,,,,,,,
,,,,,,,,,
,,,,,,,,,
,,,,,,,,,
,,,,,,,,,
,,,,,,,,,
,,,,,,,,,
,,,,,,,,,
,,,,,,,,,
,,,,,,,,,
,,,,,,,,,
,,,,,,,,,
,,,,,,,,,
,,,,,,,,,
,,,,,,,,,
,,,,,,,,,
,,,,,,,,,
,,,,,,,,,
,,,,,,,,,
,,,,,,,,,
,,,,,,,,,
,,,,,,,,,
,,,,,,,,,
,,,,,,,,,
,,,,,,,,,
,,,,,,,,,
,,,,,,,,,
,,,,,,,,,
,,,,,,,,,
,,,,,,,,,
,,,,,,,,,
,,,,,,,,,
,,,,,,,,,
,,,,,,,,,
,,,,,,,,,
,,,,,,,,,
,,,,,,,,,
,,,,,,,,,
,,,,,,,,,
,,,,,,,,,
,,,,,,,,,
,,,,,,,,,
,,,,,,,,,
,,,,,,,,,
,,,,,,,,,
,,,,,,,,,
,,,,,,,,,
,,,,,,,,,
,,,,,,,,,
,,,,,,,,,
,,,,,,,,,
,,,,,,,,,
,,,,,,,,,
,,,,,,,,,
,,,,,,,,,
,,,,,,,,,
,,,,,,,,,
,,,,,,,,,
,,,,,,,,,
,,,,,,,,,
,,,,,,,,,
,,,,,,,,,
,,,,,,,,,
,,,,,,,,,
,,,,,,,,,
,,,,,,,,,
,,,,,,,,,
,,,,,,,,,
,,,,,,,,,
,,,,,,,,,
,,,,,,,,,
,,,,,,,,,
,,,,,,,,,
,,,,,,,,,
,,,,,,,,,
,,,,,,,,,
,,,,,,,,,
,,,,,,,,,
,,,,,,,,,
,,,,,,,,,
,,,,,,,,,
,,,,,,,,,
,,,,,,,,,
,,,,,,,,,
,,,,,,,,,
,,,,,,,,,
,,,,,,,,,
,,,,,,,,,
,,,,,,,,,
,,,,,,,,,
,,,,,,,,,
,,,,,,,,,
,,,,,,,,,
,,,,,,,,,
,,,,,,,,,
,,,,,,,,,
,,,,,,,,,
,,,,,,,,,
,,,,,,,,,
,,,,,,,,,
,,,,,,,,,
,,,,,,,,,
,,,,,,,,,
,,,,,,,,,
,,,,,,,,,
,,,,,,,,,
,,,,,,,,,
,,,,,,,,,
,,,,,,,,,
,,,,,,,,,
,,,,,,,,,
,,,,,,,,,
,,,,,,,,,
,,,,,,,,,
,,,,,,,,,
,,,,,,,,,
,,,,,,,,,
,,,,,,,,,
,,,,,,,,,
,,,,,,,,,
,,,,,,,,,
,,,,,,,,,
,,,,,,,,,
,,,,,,,,,
,,,,,,,,,
,,,,,,,,,
,,,,,,,,,
,,,,,,,,,
,,,,,,,,,
,,,,,,,,,
,,,,,,,,,
,,,,,,,,,
,,,,,,,,,
,,,,,,,,,
,,,,,,,,,
,,,,,,,,,
,,,,,,,,,
,,,,,,,,,
,,,,,,,,,
,,,,,,,,,
,,,,,,,,,
,,,,,,,,,
,,,,,,,,,
,,,,,,,,,
,,,,,,,,,
,,,,,,,,,
,,,,,,,,,
,,,,,,,,,
,,,,,,,,,
,,,,,,,,,
,,,,,,,,,
,,,,,,,,,
,,,,,,,,,
,,,,,,,,,
,,,,,,,,,
,,,,,,,,,
,,,,,,,,,
,,,,,,,,,
,,,,,,,,,
,,,,,,,,,
,,,,,,,,,
,,,,,,,,,
,,,,,,,,,
,,,,,,,,,
,,,,,,,,,
,,,,,,,,,
,,,,,,,,,
,,,,,,,,,
,,,,,,,,,
,,,,,,,,,
,,,,,,,,,
,,,,,,,,,
,,,,,,,,,
,,,,,,,,,
,,,,,,,,,
,,,,,,,,,
,,,,,,,,,
,,,,,,,,,
,,,,,,,,,
,,,,,,,,,
,,,,,,,,,
,,,,,,,,,
,,,,,,,,,
,,,,,,,,,
,,,,,,,,,
,,,,,,,,,
,,,,,,,,,
,,,,,,,,,
,,,,,,,,,
,,,,,,,,,
,,,,,,,,,
,,,,,,,,,
,,,,,,,,,
,,,,,,,,,
,,,,,,,,,
,,,,,,,,,
,,,,,,,,,
,,,,,,,,,
,,,,,,,,,
,,,,,,,,,
,,,,,,,,,
,,,,,,,,,
,,,,,,,,,
,,,,,,,,,
,,,,,,,,,
,,,,,,,,,
,,,,,,,,,
,,,,,,,,,
,,,,,,,,,
,,,,,,,,,
,,,,,,,,,
,,,,,,,,,
,,,,,,,,,
,,,,,,,,,
,,,,,,,,,
,,,,,,,,,
,,,,,,,,,
,,,,,,,,,
,,,,,,,,,
,,,,,,,,,
,,,,,,,,,
,,,,,,,,,
,,,,,,,,,
,,,,,,,,,
,,,,,,,,,
,,,,,,,,,
,,,,,,,,,
,,,,,,,,,
,,,,,,,,,
,,,,,,,,,
,,,,,,,,,
,,,,,,,,,
,,,,,,,,,
,,,,,,,,,
,,,,,,,,,
,,,,,,,,,
,,,,,,,,,
,,,,,,,,,
,,,,,,,,,
,,,,,,,,,
,,,,,,,,,
,,,,,,,,,
,,,,,,,,,
,,,,,,,,,
,,,,,,,,,
,,,,,,,,,
,,,,,,,,,
,,,,,,,,,
,,,,,,,,,
,,,,,,,,,
,,,,,,,,,
,,,,,,,,,
,,,,,,,,,
,,,,,,,,,
,,,,,,,,,
,,,,,,,,,
,,,,,,,,,
,,,,,,,,,
,,,,,,,,,
,,,,,,,,,
,,,,,,,,,
,,,,,,,,,
,,,,,,,,,
,,,,,,,,,
,,,,,,,,,
,,,,,,,,,
,,,,,,,,,
,,,,,,,,,
,,,,,,,,,
,,,,,,,,,
,,,,,,,,,
,,,,,,,,,
,,,,,,,,,
,,,,,,,,,
,,,,,,,,,
,,,,,,,,,
,,,,,,,,,
,,,,,,,,,
,,,,,,,,,
,,,,,,,,,
,,,,,,,,,
,,,,,,,,,
,,,,,,,,,
,,,,,,,,,
,,,,,,,,,
,,,,,,,,,
,,,,,,,,,
,,,,,,,,,
,,,,,,,,,
,,,,,,,,,
,,,,,,,,,
,,,,,,,,,
,,,,,,,,,
,,,,,,,,,
,,,,,,,,,
,,,,,,,,,
,,,,,,,,,
,,,,,,,,,
,,,,,,,,,
,,,,,,,,,
,,,,,,,,,
,,,,,,,,,
,,,,,,,,,
,,,,,,,,,
,,,,,,,,,
,,,,,,,,,
,,,,,,,,,
,,,,,,,,,
,,,,,,,,,
,,,,,,,,,
,,,,,,,,,
,,,,,,,,,
,,,,,,,,,
,,,,,,,,,
,,,,,,,,,
,,,,,,,,,
,,,,,,,,,
,,,,,,,,,
,,,,,,,,,
,,,,,,,,,
,,,,,,,,,
,,,,,,,,,
,,,,,,,,,
,,,,,,,,,
,,,,,,,,,
,,,,,,,,,
,,,,,,,,,
,,,,,,,,,
,,,,,,,,,
,,,,,,,,,
,,,,,,,,,
,,,,,,,,,
,,,,,,,,,
,,,,,,,,,
,,,,,,,,,
,,,,,,,,,
,,,,,,,,,
,,,,,,,,,
,,,,,,,,,
,,,,,,,,,
,,,,,,,,,
,,,,,,,,,
,,,,,,,,,
,,,,,,,,,
,,,,,,,,,
,,,,,,,,,
,,,,,,,,,
,,,,,,,,,
,,,,,,,,,
,,,,,,,,,
,,,,,,,,,
,,,,,,,,,
,,,,,,,,,
,,,,,,,,,
,,,,,,,,,
,,,,,,,,,
,,,,,,,,,
,,,,,,,,,
,,,,,,,,,
,,,,,,,,,
,,,,,,,,,
,,,,,,,,,
,,,,,,,,,
,,,,,,,,,
,,,,,,,,,
,,,,,,,,,
,,,,,,,,,
,,,,,,,,,
,,,,,,,,,
,,,,,,,,,
,,,,,,,,,
,,,,,,,,,
,,,,,,,,,
,,,,,,,,,
,,,,,,,,,
,,,,,,,,,
,,,,,,,,,
,,,,,,,,,
,,,,,,,,,
,,,,,,,,,
,,,,,,,,,
,,,,,,,,,
,,,,,,,,,
,,,,,,,,,
,,,,,,,,,
,,,,,,,,,
,,,,,,,,,
,,,,,,,,,
,,,,,,,,,
,,,,,,,,,
,,,,,,,,,
,,,,,,,,,
,,,,,,,,,
,,,,,,,,,
,,,,,,,,,
,,,,,,,,,
,,,,,,,,,
,,,,,,,,,
,,,,,,,,,
,,,,,,,,,
,,,,,,,,,
,,,,,,,,,
,,,,,,,,,
,,,,,,,,,
,,,,,,,,,
,,,,,,,,,
,,,,,,,,,
,,,,,,,,,
,,,,,,,,,
,,,,,,,,,
,,,,,,,,,
,,,,,,,,,
,,,,,,,,,
,,,,,,,,,
,,,,,,,,,
,,,,,,,,,
,,,,,,,,,
,,,,,,,,,
,,,,,,,,,
,,,,,,,,,
,,,,,,,,,
,,,,,,,,,
,,,,,,,,,
,,,,,,,,,
,,,,,,,,,
,,,,,,,,,
,,,,,,,,,
,,,,,,,,,
,,,,,,,,,
,,,,,,,,,
,,,,,,,,,
,,,,,,,,,
,,,,,,,,,
,,,,,,,,,
,,,,,,,,,
,,,,,,,,,
,,,,,,,,,
,,,,,,,,,
,,,,,,,,,
,,,,,,,,,
,,,,,,,,,
,,,,,,,,,
,,,,,,,,,
,,,,,,,,,
,,,,,,,,,
,,,,,,,,,
,,,,,,,,,
,,,,,,,,,
,,,,,,,,,
,,,,,,,,,
,,,,,,,,,
,,,,,,,,,
,,,,,,,,,
,,,,,,,,,
,,,,,,,,,
,,,,,,,,,
,,,,,,,,,
,,,,,,,,,
,,,,,,,,,
,,,,,,,,,
,,,,,,,,,
,,,,,,,,,
,,,,,,,,,
,,,,,,,,,
,,,,,,,,,
,,,,,,,,,
,,,,,,,,,
,,,,,,,,,
,,,,,,,,,
,,,,,,,,,
,,,,,,,,,
,,,,,,,,,
,,,,,,,,,
,,,,,,,,,
,,,,,,,,,
,,,,,,,,,
,,,,,,,,,
,,,,,,,,,
,,,,,,,,,
,,,,,,,,,
,,,,,,,,,
,,,,,,,,,
,,,,,,,,,
,,,,,,,,,
,,,,,,,,,
,,,,,,,,,
,,,,,,,,,
,,,,,,,,,
,,,,,,,,,
,,,,,,,,,
,,,,,,,,,
,,,,,,,,,
,,,,,,,,,
,,,,,,,,,
,,,,,,,,,
,,,,,,,,,
,,,,,,,,,
,,,,,,,,,
,,,,,,,,,
,,,,,,,,,
,,,,,,,,,
,,,,,,,,,
,,,,,,,,,
,,,,,,,,,
,,,,,,,,,
,,,,,,,,,
,,,,,,,,,
,,,,,,,,,
,,,,,,,,,
,,,,,,,,,
,,,,,,,,,
,,,,,,,,,
,,,,,,,,,
,,,,,,,,,
,,,,,,,,,
,,,,,,,,,
,,,,,,,,,
,,,,,,,,,
,,,,,,,,,
,,,,,,,,,
,,,,,,,,,
,,,,,,,,,
,,,,,,,,,
,,,,,,,,,
,,,,,,,,,
,,,,,,,,,
,,,,,,,,,
,,,,,,,,,
,,,,,,,,,
,,,,,,,,,
,,,,,,,,,
,,,,,,,,,
,,,,,,,,,
,,,,,,,,,
,,,,,,,,,
,,,,,,,,,
,,,,,,,,,
,,,,,,,,,
,,,,,,,,,
,,,,,,,,,
,,,,,,,,,
,,,,,,,,,
,,,,,,,,,
,,,,,,,,,
,,,,,,,,,
,,,,,,,,,
,,,,,,,,,
,,,,,,,,,
,,,,,,,,,
,,,,,,,,,
,,,,,,,,,
,,,,,,,,,
,,,,,,,,,
,,,,,,,,,
,,,,,,,,,
,,,,,,,,,
,,,,,,,,,
,,,,,,,,,
,,,,,,,,,
,,,,,,,,,
,,,,,,,,,
,,,,,,,,,
,,,,,,,,,
,,,,,,,,,
,,,,,,,,,
,,,,,,,,,
,,,,,,,,,
,,,,,,,,,
,,,,,,,,,
,,,,,,,,,
,,,,,,,,,
,,,,,,,,,
,,,,,,,,,
,,,,,,,,,
,,,,,,,,,
,,,,,,,,,
,,,,,,,,,
,,,,,,,,,
,,,,,,,,,
,,,,,,,,,
,,,,,,,,,
,,,,,,,,,
,,,,,,,,,
,,,,,,,,,
,,,,,,,,,
,,,,,,,,,
,,,,,,,,,
,,,,,,,,,
,,,,,,,,,
,,,,,,,,,
,,,,,,,,,
,,,,,,,,,
,,,,,,,,,
,,,,,,,,,
,,,,,,,,,
,,,,,,,,,
,,,,,,,,,
,,,,,,,,,
,,,,,,,,,
,,,,,,,,,
,,,,,,,,,
,,,,,,,,,
,,,,,,,,,
,,,,,,,,,
,,,,,,,,,
,,,,,,,,,
,,,,,,,,,
,,,,,,,,,
,,,,,,,,,
,,,,,,,,,
,,,,,,,,,
,,,,,,,,,
,,,,,,,,,
,,,,,,,,,
,,,,,,,,,
,,,,,,,,,
,,,,,,,,,
,,,,,,,,,
,,,,,,,,,
,,,,,,,,,
,,,,,,,,,
,,,,,,,,,
,,,,,,,,,
,,,,,,,,,
,,,,,,,,,
,,,,,,,,,
,,,,,,,,,
,,,,,,,,,
,,,,,,,,,
,,,,,,,,,
,,,,,,,,,
,,,,,,,,,
,,,,,,,,,
,,,,,,,,,
,,,,,,,,,
,,,,,,,,,
,,,,,,,,,
,,,,,,,,,
,,,,,,,,,
,,,,,,,,,
,,,,,,,,,
,,,,,,,,,
,,,,,,,,,
,,,,,,,,,
,,,,,,,,,
,,,,,,,,,
,,,,,,,,,
,,,,,,,,,
,,,,,,,,,
,,,,,,,,,
,,,,,,,,,
,,,,,,,,,
,,,,,,,,,
,,,,,,,,,
,,,,,,,,,
,,,,,,,,,
,,,,,,,,,
,,,,,,,,,
,,,,,,,,,
,,,,,,,,,
,,,,,,,,,
,,,,,,,,,
,,,,,,,,,
,,,,,,,,,
,,,,,,,,,
,,,,,,,,,
,,,,,,,,,
,,,,,,,,,
,,,,,,,,,
,,,,,,,,,
,,,,,,,,,
,,,,,,,,,
,,,,,,,,,
,,,,,,,,,
,,,,,,,,,
,,,,,,,,,
,,,,,,,,,
,,,,,,,,,
,,,,,,,,,
,,,,,,,,,
,,,,,,,,,
,,,,,,,,,
,,,,,,,,,
,,,,,,,,,
,,,,,,,,,
,,,,,,,,,
,,,,,,,,,
,,,,,,,,,
,,,,,,,,,
,,,,,,,,,
,,,,,,,,,
,,,,,,,,,
,,,,,,,,,
,,,,,,,,,
,,,,,,,,,
,,,,,,,,,
,,,,,,,,,
,,,,,,,,,
,,,,,,,,,
,,,,,,,,,
,,,,,,,,,
,,,,,,,,,
,,,,,,,,,
,,,,,,,,,
,,,,,,,,,
,,,,,,,,,
,,,,,,,,,
,,,,,,,,,
,,,,,,,,,
,,,,,,,,,
,,,,,,,,,
,,,,,,,,,
,,,,,,,,,
,,,,,,,,,
,,,,,,,,,
,,,,,,,,,
,,,,,,,,,
,,,,,,,,,
,,,,,,,,,
,,,,,,,,,
,,,,,,,,,
,,,,,,,,,
,,,,,,,,,
,,,,,,,,,
,,,,,,,,,
,,,,,,,,,
,,,,,,,,,
,,,,,,,,,
,,,,,,,,,
,,,,,,,,,
,,,,,,,,,
,,,,,,,,,
,,,,,,,,,
,,,,,,,,,
,,,,,,,,,
,,,,,,,,,
,,,,,,,,,
,,,,,,,,,
,,,,,,,,,
,,,,,,,,,
,,,,,,,,,
,,,,,,,,,
,,,,,,,,,
,,,,,,,,,
,,,,,,,,,
,,,,,,,,,
,,,,,,,,,
,,,,,,,,,
,,,,,,,,,
,,,,,,,,,
,,,,,,,,,
,,,,,,,,,
,,,,,,,,,
,,,,,,,,,
,,,,,,,,,
,,,,,,,,,
,,,,,,,,,
,,,,,,,,,
,,,,,,,,,
,,,,,,,,,
,,,,,,,,,
,,,,,,,,,
,,,,,,,,,
,,,,,,,,,
,,,,,,,,,
,,,,,,,,,
,,,,,,,,,
,,,,,,,,,
,,,,,,,,,
,,,,,,,,,
,,,,,,,,,
,,,,,,,,,
,,,,,,,,,
,,,,,,,,,
,,,,,,,,,
,,,,,,,,,
,,,,,,,,,
,,,,,,,,,
,,,,,,,,,
,,,,,,,,,
,,,,,,,,,
,,,,,,,,,
,,,,,,,,,
,,,,,,,,,
,,,,,,,,,
,,,,,,,,,
,,,,,,,,,
,,,,,,,,,
,,,,,,,,,
,,,,,,,,,
,,,,,,,,,
,,,,,,,,,
,,,,,,,,,
,,,,,,,,,
,,,,,,,,,
,,,,,,,,,
,,,,,,,,,
,,,,,,,,,
,,,,,,,,,
,,,,,,,,,
,,,,,,,,,
,,,,,,,,,
,,,,,,,,,
,,,,,,,,,
,,,,,,,,,
,,,,,,,,,
,,,,,,,,,
,,,,,,,,,
,,,,,,,,,
,,,,,,,,,
,,,,,,,,,
,,,,,,,,,
,,,,,,,,,
,,,,,,,,,
,,,,,,,,,
,,,,,,,,,
,,,,,,,,,
,,,,,,,,,
,,,,,,,,,
,,,,,,,,,
,,,,,,,,,
,,,,,,,,,
,,,,,,,,,
,,,,,,,,,
,,,,,,,,,
,,,,,,,,,
,,,,,,,,,
,,,,,,,,,
,,,,,,,,,
,,,,,,,,,
,,,,,,,,,
,,,,,,,,,
,,,,,,,,,
,,,,,,,,,
,,,,,,,,,
,,,,,,,,,
,,,,,,,,,
,,,,,,,,,
,,,,,,,,,
,,,,,,,,,
,,,,,,,,,
,,,,,,,,,
,,,,,,,,,
,,,,,,,,,
,,,,,,,,,
,,,,,,,,,
,,,,,,,,,
,,,,,,,,,
,,,,,,,,,
,,,,,,,,,
,,,,,,,,,
,,,,,,,,,
,,,,,,,,,
,,,,,,,,,
,,,,,,,,,
,,,,,,,,,
,,,,,,,,,
,,,,,,,,,
,,,,,,,,,
,,,,,,,,,
,,,,,,,,,
,,,,,,,,,
,,,,,,,,,
,,,,,,,,,
,,,,,,,,,
,,,,,,,,,
,,,,,,,,,
,,,,,,,,,
,,,,,,,,,
,,,,,,,,,
,,,,,,,,,
,,,,,,,,,
,,,,,,,,,
,,,,,,,,,
,,,,,,,,,
,,,,,,,,,
,,,,,,,,,
,,,,,,,,,
,,,,,,,,,
,,,,,,,,,
,,,,,,,,,
,,,,,,,,,
,,,,,,,,,
,,,,,,,,,
,,,,,,,,,
,,,,,,,,,
,,,,,,,,,
,,,,,,,,,
,,,,,,,,,
,,,,,,,,,
,,,,,,,,,
,,,,,,,,,
,,,,,,,,,
,,,,,,,,,
,,,,,,,,,
,,,,,,,,,
,,,,,,,,,
,,,,,,,,,
,,,,,,,,,
,,,,,,,,,
,,,,,,,,,
,,,,,,,,,
,,,,,,,,,
,,,,,,,,,
,,,,,,,,,
,,,,,,,,,
,,,,,,,,,
,,,,,,,,,
,,,,,,,,,
,,,,,,,,,
,,,,,,,,,
,,,,,,,,,
,,,,,,,,,
,,,,,,,,,
,,,,,,,,,
,,,,,,,,,
,,,,,,,,,
,,,,,,,,,
,,,,,,,,,
,,,,,,,,,
,,,,,,,,,
,,,,,,,,,
,,,,,,,,,
,,,,,,,,,
,,,,,,,,,
,,,,,,,,,
,,,,,,,,,
,,,,,,,,,
,,,,,,,,,
,,,,,,,,,
,,,,,,,,,
,,,,,,,,,
,,,,,,,,,
,,,,,,,,,
,,,,,,,,,
,,,,,,,,,
,,,,,,,,,
,,,,,,,,,
,,,,,,,,,
,,,,,,,,,
,,,,,,,,,
,,,,,,,,,
,,,,,,,,,
,,,,,,,,,
,,,,,,,,,
,,,,,,,,,
,,,,,,,,,
,,,,,,,,,
,,,,,,,,,
,,,,,,,,,
,,,,,,,,,
,,,,,,,,,
,,,,,,,,,
,,,,,,,,,
,,,,,,,,,
,,,,,,,,,
,,,,,,,,,
,,,,,,,,,
,,,,,,,,,
,,,,,,,,,
,,,,,,,,,
,,,,,,,,,
,,,,,,,,,
,,,,,,,,,
,,,,,,,,,
,,,,,,,,,
,,,,,,,,,
,,,,,,,,,
,,,,,,,,,
,,,,,,,,,
,,,,,,,,,
,,,,,,,,,
,,,,,,,,,
,,,,,,,,,
,,,,,,,,,
,,,,,,,,,
,,,,,,,,,
,,,,,,,,,
,,,,,,,,,
,,,,,,,,,
,,,,,,,,,
,,,,,,,,,
,,,,,,,,,
,,,,,,,,,
,,,,,,,,,
,,,,,,,,,
,,,,,,,,,
,,,,,,,,,
,,,,,,,,,
,,,,,,,,,
,,,,,,,,,
,,,,,,,,,
,,,,,,,,,
,,,,,,,,,
,,,,,,,,,
,,,,,,,,,
,,,,,,,,,
,,,,,,,,,
,,,,,,,,,
,,,,,,,,,
,,,,,,,,,
,,,,,,,,,
,,,,,,,,,
,,,,,,,,,
,,,,,,,,,
,,,,,,,,,
,,,,,,,,,
,,,,,,,,,
,,,,,,,,,
,,,,,,,,,
,,,,,,,,,
,,,,,,,,,
,,,,,,,,,
,,,,,,,,,
,,,,,,,,,
,,,,,,,,,
,,,,,,,,,
,,,,,,,,,
,,,,,,,,,
,,,,,,,,,
,,,,,,,,,
,,,,,,,,,
,,,,,,,,,
,,,,,,,,,
,,,,,,,,,
,,,,,,,,,
,,,,,,,,,
,,,,,,,,,
,,,,,,,,,
,,,,,,,,,
,,,,,,,,,
,,,,,,,,,
,,,,,,,,,
,,,,,,,,,
,,,,,,,,,
,,,,,,,,,
,,,,,,,,,
,,,,,,,,,
,,,,,,,,,
,,,,,,,,,
,,,,,,,,,
,,,,,,,,,
,,,,,,,,,
,,,,,,,,,
,,,,,,,,,
,,,,,,,,,
,,,,,,,,,
,,,,,,,,,
,,,,,,,,,
,,,,,,,,,
,,,,,,,,,
,,,,,,,,,
,,,,,,,,,
,,,,,,,,,
,,,,,,,,,
,,,,,,,,,
,,,,,,,,,
,,,,,,,,,
,,,,,,,,,
,,,,,,,,,
,,,,,,,,,
,,,,,,,,,
,,,,,,,,,
,,,,,,,,,
,,,,,,,,,
,,,,,,,,,
,,,,,,,,,
,,,,,,,,,
,,,,,,,,,
,,,,,,,,,
,,,,,,,,,
,,,,,,,,,
,,,,,,,,,
,,,,,,,,,
,,,,,,,,,
,,,,,,,,,
,,,,,,,,,
,,,,,,,,,
,,,,,,,,,
,,,,,,,,,
,,,,,,,,,
,,,,,,,,,
,,,,,,,,,
,,,,,,,,,
,,,,,,,,,
,,,,,,,,,
,,,,,,,,,
,,,,,,,,,
,,,,,,,,,
,,,,,,,,,
,,,,,,,,,
,,,,,,,,,
,,,,,,,,,
,,,,,,,,,
,,,,,,,,,
,,,,,,,,,
,,,,,,,,,
,,,,,,,,,
,,,,,,,,,
,,,,,,,,,
,,,,,,,,,
,,,,,,,,,
,,,,,,,,,
,,,,,,,,,
,,,,,,,,,
,,,,,,,,,
,,,,,,,,,
,,,,,,,,,
,,,,,,,,,
,,,,,,,,,
,,,,,,,,,
,,,,,,,,,
,,,,,,,,,
,,,,,,,,,
,,,,,,,,,
,,,,,,,,,
,,,,,,,,,
,,,,,,,,,
,,,,,,,,,
,,,,,,,,,
,,,,,,,,,
,,,,,,,,,
,,,,,,,,,
,,,,,,,,,
,,,,,,,,,
,,,,,,,,,
,,,,,,,,,
,,,,,,,,,
,,,,,,,,,
,,,,,,,,,
,,,,,,,,,
,,,,,,,,,
,,,,,,,,,
,,,,,,,,,
,,,,,,,,,
,,,,,,,,,
,,,,,,,,,
,,,,,,,,,
,,,,,,,,,
,,,,,,,,,
,,,,,,,,,
,,,,,,,,,
,,,,,,,,,
,,,,,,,,,
,,,,,,,,,
,,,,,,,,,
,,,,,,,,,
,,,,,,,,,
,,,,,,,,,
,,,,,,,,,
,,,,,,,,,
,,,,,,,,,
,,,,,,,,,
,,,,,,,,,
,,,,,,,,,
,,,,,,,,,
,,,,,,,,,
,,,,,,,,,
,,,,,,,,,
,,,,,,,,,
,,,,,,,,,
,,,,,,,,,
,,,,,,,,,
,,,,,,,,,
,,,,,,,,,
,,,,,,,,,
,,,,,,,,,
,,,,,,,,,
,,,,,,,,,
,,,,,,,,,
,,,,,,,,,
,,,,,,,,,
,,,,,,,,,
,,,,,,,,,
,,,,,,,,,
,,,,,,,,,
,,,,,,,,,
,,,,,,,,,
,,,,,,,,,
,,,,,,,,,
,,,,,,,,,
,,,,,,,,,
,,,,,,,,,
,,,,,,,,,
,,,,,,,,,
,,,,,,,,,
,,,,,,,,,
,,,,,,,,,
,,,,,,,,,
,,,,,,,,,
,,,,,,,,,
,,,,,,,,,
,,,,,,,,,
,,,,,,,,,
,,,,,,,,,
,,,,,,,,,
,,,,,,,,,
,,,,,,,,,
,,,,,,,,,
,,,,,,,,,
,,,,,,,,,
,,,,,,,,,
,,,,,,,,,
,,,,,,,,,
,,,,,,,,,
,,,,,,,,,
,,,,,,,,,
,,,,,,,,,
,,,,,,,,,
,,,,,,,,,
,,,,,,,,,
,,,,,,,,,
,,,,,,,,,
,,,,,,,,,
,,,,,,,,,
,,,,,,,,,
,,,,,,,,,
,,,,,,,,,
,,,,,,,,,
,,,,,,,,,
,,,,,,,,,
,,,,,,,,,
,,,,,,,,,
,,,,,,,,,
,,,,,,,,,
,,,,,,,,,
,,,,,,,,,
,,,,,,,,,
,,,,,,,,,
,,,,,,,,,
,,,,,,,,,
,,,,,,,,,
,,,,,,,,,
,,,,,,,,,
,,,,,,,,,
,,,,,,,,,
,,,,,,,,,
,,,,,,,,,
,,,,,,,,,
,,,,,,,,,
,,,,,,,,,
,,,,,,,,,
,,,,,,,,,
,,,,,,,,,
,,,,,,,,,
,,,,,,,,,
,,,,,,,,,
,,,,,,,,,
,,,,,,,,,
,,,,,,,,,
,,,,,,,,,
,,,,,,,,,
,,,,,,,,,
,,,,,,,,,
,,,,,,,,,
,,,,,,,,,
,,,,,,,,,
,,,,,,,,,
,,,,,,,,,
,,,,,,,,,
,,,,,,,,,
,,,,,,,,,
,,,,,,,,,
,,,,,,,,,
,,,,,,,,,
,,,,,,,,,
,,,,,,,,,
,,,,,,,,,
,,,,,,,,,
,,,,,,,,,
,,,,,,,,,
,,,,,,,,,
,,,,,,,,,
,,,,,,,,,
,,,,,,,,,
,,,,,,,,,
,,,,,,,,,
,,,,,,,,,
,,,,,,,,,
,,,,,,,,,
,,,,,,,,,
,,,,,,,,,
,,,,,,,,,
,,,,,,,,,
,,,,,,,,,
,,,,,,,,,
,,,,,,,,,
,,,,,,,,,
,,,,,,,,,
,,,,,,,,,
,,,,,,,,,
,,,,,,,,,
,,,,,,,,,
,,,,,,,,,
,,,,,,,,,
,,,,,,,,,
,,,,,,,,,
,,,,,,,,,
,,,,,,,,,
,,,,,,,,,
,,,,,,,,,
,,,,,,,,,
,,,,,,,,,
,,,,,,,,,
,,,,,,,,,
,,,,,,,,,
,,,,,,,,,
,,,,,,,,,
,,,,,,,,,
,,,,,,,,,
,,,,,,,,,
,,,,,,,,,
,,,,,,,,,
,,,,,,,,,
,,,,,,,,,
,,,,,,,,,
,,,,,,,,,
,,,,,,,,,
,,,,,,,,,
,,,,,,,,,
,,,,,,,,,
,,,,,,,,,
,,,,,,,,,
,,,,,,,,,
,,,,,,,,,
,,,,,,,,,
,,,,,,,,,
,,,,,,,,,
,,,,,,,,,
,,,,,,,,,
,,,,,,,,,
,,,,,,,,,
,,,,,,,,,
,,,,,,,,,
,,,,,,,,,
,,,,,,,,,
,,,,,,,,,
,,,,,,,,,
,,,,,,,,,
,,,,,,,,,
,,,,,,,,,
,,,,,,,,,
,,,,,,,,,
,,,,,,,,,
,,,,,,,,,
,,,,,,,,,
,,,,,,,,,
,,,,,,,,,
,,,,,,,,,
,,,,,,,,,
,,,,,,,,,
,,,,,,,,,
,,,,,,,,,
,,,,,,,,,
,,,,,,,,,
,,,,,,,,,
,,,,,,,,,
,,,,,,,,,
,,,,,,,,,
,,,,,,,,,
,,,,,,,,,
,,,,,,,,,
,,,,,,,,,
,,,,,,,,,
,,,,,,,,,
,,,,,,,,,
,,,,,,,,,
,,,,,,,,,
,,,,,,,,,
,,,,,,,,,
,,,,,,,,,
,,,,,,,,,
,,,,,,,,,
,,,,,,,,,
,,,,,,,,,
,,,,,,,,,
,,,,,,,,,
,,,,,,,,,
,,,,,,,,,
,,,,,,,,,
,,,,,,,,,
,,,,,,,,,
,,,,,,,,,
,,,,,,,,,
,,,,,,,,,
,,,,,,,,,
,,,,,,,,,
,,,,,,,,,
,,,,,,,,,
,,,,,,,,,
,,,,,,,,,
,,,,,,,,,
,,,,,,,,,
,,,,,,,,,
,,,,,,,,,
,,,,,,,,,
,,,,,,,,,
,,,,,,,,,
,,,,,,,,,
,,,,,,,,,
,,,,,,,,,
,,,,,,,,,
,,,,,,,,,
,,,,,,,,,
,,,,,,,,,
,,,,,,,,,
,,,,,,,,,
,,,,,,,,,
,,,,,,,,,
,,,,,,,,,
,,,,,,,,,
,,,,,,,,,
,,,,,,,,,
,,,,,,,,,
,,,,,,,,,
,,,,,,,,,
,,,,,,,,,
,,,,,,,,,
,,,,,,,,,
,,,,,,,,,
,,,,,,,,,
,,,,,,,,,
,,,,,,,,,
,,,,,,,,,
,,,,,,,,,
,,,,,,,,,
,,,,,,,,,
,,,,,,,,,
,,,,,,,,,
,,,,,,,,,
,,,,,,,,,
,,,,,,,,,
,,,,,,,,,
,,,,,,,,,
,,,,,,,,,
,,,,,,,,,
,,,,,,,,,
,,,,,,,,,
,,,,,,,,,
,,,,,,,,,
,,,,,,,,,
,,,,,,,,,
,,,,,,,,,
,,,,,,,,,
,,,,,,,,,
,,,,,,,,,
,,,,,,,,,
,,,,,,,,,
,,,,,,,,,
,,,,,,,,,
,,,,,,,,,
,,,,,,,,,
,,,,,,,,,
,,,,,,,,,
,,,,,,,,,
,,,,,,,,,
,,,,,,,,,
,,,,,,,,,
,,,,,,,,,
,,,,,,,,,
,,,,,,,,,
,,,,,,,,,
,,,,,,,,,
,,,,,,,,,
,,,,,,,,,
,,,,,,,,,
,,,,,,,,,
,,,,,,,,,
,,,,,,,,,
,,,,,,,,,
,,,,,,,,,
,,,,,,,,,
,,,,,,,,,
,,,,,,,,,
,,,,,,,,,
,,,,,,,,,
,,,,,,,,,
,,,,,,,,,
,,,,,,,,,
,,,,,,,,,
,,,,,,,,,
,,,,,,,,,
,,,,,,,,,
,,,,,,,,,
,,,,,,,,,
,,,,,,,,,
,,,,,,,,,
,,,,,,,,,
,,,,,,,,,
,,,,,,,,,
,,,,,,,,,
,,,,,,,,,
,,,,,,,,,
,,,,,,,,,
,,,,,,,,,
,,,,,,,,,
,,,,,,,,,
,,,,,,,,,
,,,,,,,,,
,,,,,,,,,
,,,,,,,,,
,,,,,,,,,
,,,,,,,,,
,,,,,,,,,
,,,,,,,,,
,,,,,,,,,
,,,,,,,,,
,,,,,,,,,
,,,,,,,,,
,,,,,,,,,
,,,,,,,,,
,,,,,,,,,
,,,,,,,,,
,,,,,,,,,
,,,,,,,,,
,,,,,,,,,
,,,,,,,,,
,,,,,,,,,
,,,,,,,,,
,,,,,,,,,
,,,,,,,,,
,,,,,,,,,
,,,,,,,,,
,,,,,,,,,
,,,,,,,,,
,,,,,,,,,
,,,,,,,,,
,,,,,,,,,
,,,,,,,,,
,,,,,,,,,
,,,,,,,,,
,,,,,,,,,
,,,,,,,,,
,,,,,,,,,
,,,,,,,,,
,,,,,,,,,
,,,,,,,,,
,,,,,,,,,
,,,,,,,,,
,,,,,,,,,
,,,,,,,,,
,,,,,,,,,
,,,,,,,,,
,,,,,,,,,
,,,,,,,,,
,,,,,,,,,
,,,,,,,,,
,,,,,,,,,
,,,,,,,,,
,,,,,,,,,
,,,,,,,,,
,,,,,,,,,
,,,,,,,,,
,,,,,,,,,
,,,,,,,,,
,,,,,,,,,
,,,,,,,,,
,,,,,,,,,
,,,,,,,,,
,,,,,,,,,
,,,,,,,,,
,,,,,,,,,
,,,,,,,,,
,,,,,,,,,
,,,,,,,,,
,,,,,,,,,
,,,,,,,,,
,,,,,,,,,
,,,,,,,,,
,,,,,,,,,
,,,,,,,,,
,,,,,,,,,
,,,,,,,,,
,,,,,,,,,
,,,,,,,,,
,,,,,,,,,
,,,,,,,,,
,,,,,,,,,
,,,,,,,,,
,,,,,,,,,
,,,,,,,,,
,,,,,,,,,
,,,,,,,,,
,,,,,,,,,
,,,,,,,,,
,,,,,,,,,
,,,,,,,,,
,,,,,,,,,
,,,,,,,,,
,,,,,,,,,
,,,,,,,,,
,,,,,,,,,
,,,,,,,,,
,,,,,,,,,
,,,,,,,,,
,,,,,,,,,
,,,,,,,,,
,,,,,,,,,
,,,,,,,,,
,,,,,,,,,
,,,,,,,,,
,,,,,,,,,
,,,,,,,,,
,,,,,,,,,
,,,,,,,,,
,,,,,,,,,
,,,,,,,,,
,,,,,,,,,
,,,,,,,,,
,,,,,,,,,
,,,,,,,,,
,,,,,,,,,
,,,,,,,,,
,,,,,,,,,
,,,,,,,,,
,,,,,,,,,
,,,,,,,,,
,,,,,,,,,
,,,,,,,,,
,,,,,,,,,
,,,,,,,,,
,,,,,,,,,
,,,,,,,,,
,,,,,,,,,
,,,,,,,,,
,,,,,,,,,
,,,,,,,,,
,,,,,,,,,
,,,,,,,,,
,,,,,,,,,
,,,,,,,,,
,,,,,,,,,
,,,,,,,,,
,,,,,,,,,
,,,,,,,,,
,,,,,,,,,
,,,,,,,,,
,,,,,,,,,
,,,,,,,,,
,,,,,,,,,
,,,,,,,,,
,,,,,,,,,
,,,,,,,,,
,,,,,,,,,
,,,,,,,,,
,,,,,,,,,
,,,,,,,,,
,,,,,,,,,
,,,,,,,,,
,,,,,,,,,
,,,,,,,,,
,,,,,,,,,
,,,,,,,,,
,,,,,,,,,
,,,,,,,,,
,,,,,,,,,
,,,,,,,,,
,,,,,,,,,
,,,,,,,,,
,,,,,,,,,
,,,,,,,,,
,,,,,,,,,
,,,,,,,,,
,,,,,,,,,
,,,,,,,,,
,,,,,,,,,
,,,,,,,,,
,,,,,,,,,
,,,,,,,,,
,,,,,,,,,
,,,,,,,,,
,,,,,,,,,
,,,,,,,,,
,,,,,,,,,
,,,,,,,,,
,,,,,,,,,
,,,,,,,,,
,,,,,,,,,
,,,,,,,,,
,,,,,,,,,
,,,,,,,,,
,,,,,,,,,
,,,,,,,,,
,,,,,,,,,
,,,,,,,,,
,,,,,,,,,
,,,,,,,,,
,,,,,,,,,
,,,,,,,,,
,,,,,,,,,
,,,,,,,,,
,,,,,,,,,
,,,,,,,,,
,,,,,,,,,
,,,,,,,,,
,,,,,,,,,
,,,,,,,,,
,,,,,,,,,
,,,,,,,,,
,,,,,,,,,
,,,,,,,,,
,,,,,,,,,
,,,,,,,,,
,,,,,,,,,
,,,,,,,,,
,,,,,,,,,
,,,,,,,,,
,,,,,,,,,
,,,,,,,,,
,,,,,,,,,
,,,,,,,,,
,,,,,,,,,
,,,,,,,,,
,,,,,,,,,
,,,,,,,,,
,,,,,,,,,
,,,,,,,,,
,,,,,,,,,
,,,,,,,,,
,,,,,,,,,
,,,,,,,,,
,,,,,,,,,
,,,,,,,,,
,,,,,,,,,
,,,,,,,,,
,,,,,,,,,
,,,,,,,,,
,,,,,,,,,
,,,,,,,,,
,,,,,,,,,
,,,,,,,,,
,,,,,,,,,
,,,,,,,,,
,,,,,,,,,
,,,,,,,,,
,,,,,,,,,
,,,,,,,,,
,,,,,,,,,
,,,,,,,,,
,,,,,,,,,
,,,,,,,,,
,,,,,,,,,
,,,,,,,,,
,,,,,,,,,
,,,,,,,,,
,,,,,,,,,
,,,,,,,,,
,,,,,,,,,
,,,,,,,,,
,,,,,,,,,
,,,,,,,,,
,,,,,,,,,
,,,,,,,,,
,,,,,,,,,
,,,,,,,,,
,,,,,,,,,
,,,,,,,,,
,,,,,,,,,
,,,,,,,,,
,,,,,,,,,
,,,,,,,,,
,,,,,,,,,
,,,,,,,,,
,,,,,,,,,
,,,,,,,,,
,,,,,,,,,
,,,,,,,,,
,,,,,,,,,
,,,,,,,,,
,,,,,,,,,
,,,,,,,,,
,,,,,,,,,
,,,,,,,,,
,,,,,,,,,
,,,,,,,,,
,,,,,,,,,
,,,,,,,,,
,,,,,,,,,
,,,,,,,,,
,,,,,,,,,
,,,,,,,,,
,,,,,,,,,
,,,,,,,,,
,,,,,,,,,
,,,,,,,,,
,,,,,,,,,
,,,,,,,,,
,,,,,,,,,
,,,,,,,,,
,,,,,,,,,
,,,,,,,,,
,,,,,,,,,
,,,,,,,,,
,,,,,,,,,
,,,,,,,,,
,,,,,,,,,
,,,,,,,,,
,,,,,,,,,
,,,,,,,,,
,,,,,,,,,
,,,,,,,,,
,,,,,,,,,
,,,,,,,,,
,,,,,,,,,
,,,,,,,,,
,,,,,,,,,
,,,,,,,,,
,,,,,,,,,
,,,,,,,,,
,,,,,,,,,
,,,,,,,,,
,,,,,,,,,
,,,,,,,,,
,,,,,,,,,
,,,,,,,,,
,,,,,,,,,
,,,,,,,,,
,,,,,,,,,
,,,,,,,,,
,,,,,,,,,
,,,,,,,,,
,,,,,,,,,
,,,,,,,,,
,,,,,,,,,
,,,,,,,,,
,,,,,,,,,
,,,,,,,,,
,,,,,,,,,
,,,,,,,,,
,,,,,,,,,
,,,,,,,,,
,,,,,,,,,
,,,,,,,,,
,,,,,,,,,
,,,,,,,,,
,,,,,,,,,
,,,,,,,,,
,,,,,,,,,
,,,,,,,,,
,,,,,,,,,
,,,,,,,,,
,,,,,,,,,
,,,,,,,,,
,,,,,,,,,
,,,,,,,,,
,,,,,,,,,
,,,,,,,,,
,,,,,,,,,
,,,,,,,,,
,,,,,,,,,
,,,,,,,,,
,,,,,,,,,
,,,,,,,,,
,,,,,,,,,
,,,,,,,,,
,,,,,,,,,
,,,,,,,,,
,,,,,,,,,
,,,,,,,,,
,,,,,,,,,
,,,,,,,,,
,,,,,,,,,
,,,,,,,,,
,,,,,,,,,
,,,,,,,,,
,,,,,,,,,
,,,,,,,,,
,,,,,,,,,
,,,,,,,,,
,,,,,,,,,
,,,,,,,,,
,,,,,,,,,
,,,,,,,,,
,,,,,,,,,
,,,,,,,,,
,,,,,,,,,
,,,,,,,,,
,,,,,,,,,
,,,,,,,,,
,,,,,,,,,
,,,,,,,,,
,,,,,,,,,
,,,,,,,,,
,,,,,,,,,
,,,,,,,,,
,,,,,,,,,
,,,,,,,,,
,,,,,,,,,
,,,,,,,,,
,,,,,,,,,
,,,,,,,,,
,,,,,,,,,
,,,,,,,,,
,,,,,,,,,
,,,,,,,,,
,,,,,,,,,
,,,,,,,,,
,,,,,,,,,
,,,,,,,,,
,,,,,,,,,
,,,,,,,,,
,,,,,,,,,
,,,,,,,,,
,,,,,,,,,
,,,,,,,,,
,,,,,,,,,
,,,,,,,,,
,,,,,,,,,
,,,,,,,,,
,,,,,,,,,
,,,,,,,,,
,,,,,,,,,
,,,,,,,,,
,,,,,,,,,
,,,,,,,,,
,,,,,,,,,
,,,,,,,,,
,,,,,,,,,
,,,,,,,,,
,,,,,,,,,
,,,,,,,,,
,,,,,,,,,
,,,,,,,,,
,,,,,,,,,
,,,,,,,,,
,,,,,,,,,
,,,,,,,,,
,,,,,,,,,
,,,,,,,,,
,,,,,,,,,
,,,,,,,,,
,,,,,,,,,
,,,,,,,,,
,,,,,,,,,
,,,,,,,,,
,,,,,,,,,
,,,,,,,,,
,,,,,,,,,
,,,,,,,,,
,,,,,,,,,
,,,,,,,,,
,,,,,,,,,
,,,,,,,,,
,,,,,,,,,
,,,,,,,,,
,,,,,,,,,
,,,,,,,,,
,,,,,,,,,
,,,,,,,,,
,,,,,,,,,
,,,,,,,,,
,,,,,,,,,
,,,,,,,,,
,,,,,,,,,
,,,,,,,,,
,,,,,,,,,
,,,,,,,,,
,,,,,,,,,
,,,,,,,,,
,,,,,,,,,
,,,,,,,,,
,,,,,,,,,
,,,,,,,,,
,,,,,,,,,
,,,,,,,,,
,,,,,,,,,
,,,,,,,,,
,,,,,,,,,
,,,,,,,,,
,,,,,,,,,
,,,,,,,,,
,,,,,,,,,
,,,,,,,,,
,,,,,,,,,
,,,,,,,,,
,,,,,,,,,
,,,,,,,,,
,,,,,,,,,
,,,,,,,,,
,,,,,,,,,
,,,,,,,,,
,,,,,,,,,
,,,,,,,,,
,,,,,,,,,
,,,,,,,,,
,,,,,,,,,
,,,,,,,,,
,,,,,,,,,
,,,,,,,,,
,,,,,,,,,
,,,,,,,,,
,,,,,,,,,
,,,,,,,,,
,,,,,,,,,
,,,,,,,,,
,,,,,,,,,
,,,,,,,,,
,,,,,,,,,
,,,,,,,,,
,,,,,,,,,
,,,,,,,,,
,,,,,,,,,
,,,,,,,,,
,,,,,,,,,
,,,,,,,,,
,,,,,,,,,
,,,,,,,,,
,,,,,,,,,
,,,,,,,,,
,,,,,,,,,
,,,,,,,,,
,,,,,,,,,
,,,,,,,,,
,,,,,,,,,
,,,,,,,,,
,,,,,,,,,
,,,,,,,,,
,,,,,,,,,
,,,,,,,,,
,,,,,,,,,
,,,,,,,,,
,,,,,,,,,
,,,,,,,,,
,,,,,,,,,
,,,,,,,,,
,,,,,,,,,
,,,,,,,,,
,,,,,,,,,
,,,,,,,,,
,,,,,,,,,
,,,,,,,,,
,,,,,,,,,
,,,,,,,,,
,,,,,,,,,
,,,,,,,,,
,,,,,,,,,
,,,,,,,,,
,,,,,,,,,
,,,,,,,,,
,,,,,,,,,
,,,,,,,,,
,,,,,,,,,
,,,,,,,,,
,,,,,,,,,
,,,,,,,,,
,,,,,,,,,
,,,,,,,,,
,,,,,,,,,
,,,,,,,,,
,,,,,,,,,
,,,,,,,,,
,,,,,,,,,
,,,,,,,,,
,,,,,,,,,
,,,,,,,,,
,,,,,,,,,
,,,,,,,,,
,,,,,,,,,
,,,,,,,,,
,,,,,,,,,
,,,,,,,,,
,,,,,,,,,
,,,,,,,,,
,,,,,,,,,
,,,,,,,,,
,,,,,,,,,
,,,,,,,,,
,,,,,,,,,
,,,,,,,,,
,,,,,,,,,
,,,,,,,,,
,,,,,,,,,
,,,,,,,,,
,,,,,,,,,
,,,,,,,,,
,,,,,,,,,
,,,,,,,,,
,,,,,,,,,
,,,,,,,,,
,,,,,,,,,
,,,,,,,,,
,,,,,,,,,
,,,,,,,,,
,,,,,,,,,
,,,,,,,,,
,,,,,,,,,
,,,,,,,,,
,,,,,,,,,
,,,,,,,,,
,,,,,,,,,
,,,,,,,,,
,,,,,,,,,
,,,,,,,,,
,,,,,,,,,
,,,,,,,,,
,,,,,,,,,
,,,,,,,,,
,,,,,,,,,
,,,,,,,,,
,,,,,,,,,
,,,,,,,,,
,,,,,,,,,
,,,,,,,,,
,,,,,,,,,
,,,,,,,,,
,,,,,,,,,
,,,,,,,,,
,,,,,,,,,
,,,,,,,,,
,,,,,,,,,
,,,,,,,,,
,,,,,,,,,
,,,,,,,,,
,,,,,,,,,
,,,,,,,,,
,,,,,,,,,
,,,,,,,,,
,,,,,,,,,
,,,,,,,,,
,,,,,,,,,
,,,,,,,,,
,,,,,,,,,
,,,,,,,,,
,,,,,,,,,
,,,,,,,,,
,,,,,,,,,
,,,,,,,,,
,,,,,,,,,
,,,,,,,,,
,,,,,,,,,
,,,,,,,,,
,,,,,,,,,
,,,,,,,,,
,,,,,,,,,
,,,,,,,,,
,,,,,,,,,
,,,,,,,,,
,,,,,,,,,
,,,,,,,,,
,,,,,,,,,
,,,,,,,,,
,,,,,,,,,
,,,,,,,,,
,,,,,,,,,
,,,,,,,,,
,,,,,,,,,
,,,,,,,,,
,,,,,,,,,
